1001N1100000000DW1M2,1001N1100000000DW1M3,0001F11000000000FYRD,3.0Y32000,NC092009081514514917,200000,500,NC122009081514514958,400,10,南纤,(null),1003,0001A810000000000P78
1001N1100000000DW1M2,1001N1100000000DW1M4,0001F11000000000FYR1,3.9Y31000,NC092009081514514917,210000,500,NC122009081514514958,420,20,珠纤,(null),1003,0001A810000000000P78
1001N1100000000DW1M2,1001N1100000000DW1M5,0001F11000000000FYRD,3.0Y32000,NC092009081514514917,110000,500,NC122009081514514958,220,30,珠纤,(null),1003,0001A810000000000P78
1001N1100000000E129Q,1001N1100000000E129R,0001F11000000000FZFN,26.5g*26.5mm*5000m,NC092009081514514917,24578.75,3.51125,NC152009081514515029,7000,10,(null),(null),1003,0001A8100000000012V3
1001N1100000000E2P79,1001N1100000000E2P7A,0001F11000000000FZ81,28.0g*26.5mm*4000m,NC092009081514514917,32291.84,2.968,NC152009081514515029,10880,10,(null),(null),1003,0001A810000000000WBJ
1001N1100000000E2P79,1001N1100000000E2P7B,0001F11000000000LWOP,28.0g*26.5mm*5000m,NC092009081514514917,16145.92,3.71,NC152009081514515029,4352,20,(null),(null),1003,0001A810000000000WBJ
1001N1100000000E3JP1,1001N1100000000E3JP2,0001F11000000006AH3B,29.0g*26.5mm*5000m,NC092009081514514917,17982.9,3.8425,NC152009081514515029,4680,10,二区,(null),1002,0001A8100000000011QZ
1001N1100000000E3JP1,1001N1100000000E3JP3,0001F11000000009DM8Y,26.5g*53.0mm*5000m,NC092009081514514917,6067.44,7.0225,NC152009081514515029,864,20,二区,(null),1002,0001A8100000000011QZ
1001N1100000000E3QRP,1001N1100000000E3QRQ,0001F11000000000FZ81,28.0g*26.5mm*4000m,NC092009081514514917,17095.68,2.968,NC152009081514515029,5760,10,一区,(null),1002,0001A810000000000WBJ
1001N1100000000E3QRR,1001N1100000000E3QRS,0001F11000000000FZ81,28.0g*26.5mm*4000m,NC092009081514514917,14958.72,2.968,NC152009081514515029,5040,10,二区,(null),1002,0001A8100000000011QZ
1001N1100000000E3QRR,1001N1100000000E3QRT,0001F11000000004DQ8C,27.0g*26.5mm*5000m,NC092009081514514917,3505.95,3.5775,NC152009081514515029,980,20,二区,(null),1002,0001A8100000000011QZ
1001N1100000000E3OAU,1001N1100000000E3OAV,0001F110000000036776,32.0g*26.5mm*4000m,NC092009081514514917,237.44,3.392,NC152009081514515029,70,10,二区,(null),1002,0001A81000000000147H
1001N1100000000E3MWV,1001N1100000000E3MWW,0001F11000000000FZ81,28.0g*26.5mm*4000m,NC092009081514514917,17095.68,2.968,NC152009081514515029,5760,10,一区,(null),1002,0001A810000000000WBJ
1001N1100000000E3JPA,1001N1100000000E3JPB,0001F110000000071868,27.0g*26.5mm*5500m,NC092009081514514917,28097.685,3.93525,NC152009081514515029,7140,10,一区,(null),1002,0001A8100000000012V3
1001N1100000000E3JPA,1001N1100000000E3JPC,0001F11000000000FYJH,30.0g*25.0mm*5000m,NC092009081514514917,1050,3.75,NC152009081514515029,280,20,二区,(null),1002,0001A8100000000012V3
1001N1100000000E3JPA,1001N1100000000E3JPD,0001F11000000000NCVC,30.0g*22.0mm*5000m,NC092009081514514917,1386,3.3,NC152009081514515029,420,30,二区,(null),1002,0001A8100000000012V3
1001N1100000000E3JPA,1001N1100000000E3JPE,0001F11000000002ZOWM,25.0g*26.5mm*4000m,NC092009081514514917,19292,2.65,NC152009081514515029,7280,40,二区,(null),1002,0001A8100000000012V3
1001N1100000000E3WQB,1001N1100000000E3WQC,0001F11000000000FZFN,26.5g*26.5mm*5000m,NC092009081514514917,26053.475,3.51125,NC152009081514515029,7420,10,(null),(null),1003,0001A8100000000012V3
1001N1100000000E3WQB,1001N1100000000E3WQD,0001F1100000000ALPZB,27.0g*26.5mm*5000m,NC092009081514514917,1502.55,3.5775,NC152009081514515029,420,20,(null),(null),1003,0001A8100000000012V3
1001N1100000000E3WQE,1001N1100000000E3WQF,0001F11000000002V8Y9,26.5g*26.5mm*5000m,NC092009081514514917,13764.1,3.51125,NC152009081514515029,3920,10,(null),N,1003,0001A8100000000011QZ
1001N1100000000E3WQE,1001N1100000000E3WQG,0001F11000000002F63R,32.0g*53.0mm*4000m,NC092009081514514917,5372.928,6.784,NC152009081514515029,792,20,(null),N,1003,0001A8100000000011QZ
1001N1100000000E3WQH,1001N1100000000E3WQI,0001F11000000000FZ81,28.0g*26.5mm*4000m,NC092009081514514917,4036.48,2.968,NC152009081514515029,1360,10,(null),(null),1003,0001A8100000000011QZ
1001N1100000000E5GH0,1001N1100000000E5GH1,0001F110000000036776,32.0g*26.5mm*4000m,NC092009081514514917,542.72,3.392,NC152009081514515029,160,10,二区,(null),1002,0001A81000000000147H
1001N1100000000E9VKU,1001N1100000000E9VKV,0001F11000000000NCVC,30.0g*22.0mm*5000m,NC092009081514514917,462,3.3,NC152009081514515029,140,10,二区,(null),1002,0001A8100000000012V3
1001N1100000000EDGBR,1001N1100000000EDGBS,0001F11000000000LWP5,26.5g*53.0mm*5000m,NC092009081514514917,8089.92,7.0225,NC152009081514515029,1152,10,二区,(null),1002,0001A8100000000012V3
1001N1100000000EDGBR,1001N1100000000EDGBT,0001F11000000000FZFN,26.5g*26.5mm*5000m,NC092009081514514917,27528.2,3.51125,NC152009081514515029,7840,20,二区,(null),1002,0001A8100000000012V3
1001N1100000000EDGBR,1001N1100000000EDGBU,0001F11000000000NCVC,30.0g*22.0mm*5000m,NC092009081514514917,462,3.3,NC152009081514515029,140,30,二区,(null),1002,0001A8100000000012V3
1001N1100000000EDGBR,1001N1100000000EDGBV,0001F11000000002ZOWM,25.0g*26.5mm*4000m,NC092009081514514917,14469,2.65,NC152009081514515029,5460,40,二区,(null),1002,0001A8100000000012V3
1001N1100000000EFGMB,1001N1100000000EFGMC,0001F11000000002V8Y9,26.5g*26.5mm*5000m,NC092009081514514917,15730.4,3.51125,NC152009081514515029,4480,10,一区,(null),1002,0001A8100000000011QZ
1001N1100000000EG17O,1001N1100000000EG17P,0001F11000000000FYR1,3.9Y31000,NC092009081514514917,37000,500,NC122009081514514958,74,10,珠纤,(null),1003,0001A810000000000P78
1001N1100000000ELZZO,1001N1100000000ELZZP,0001F11000000002V8Y9,26.5g*26.5mm*5000m,NC092009081514514917,47191.2,3.51125,NC152009081514515029,13440,10,白狼安阳外加工,(null),1002,0001A8100000000011QZ
1001N1100000000ELZZO,1001N1100000000ELZZQ,0001F11000000002V8Y9,26.5g*26.5mm*5000m,NC092009081514514917,15730.4,3.51125,NC152009081514515029,4480,20,白狼安阳外加工,(null),1002,0001A8100000000011QZ
1001N1100000000EN11D,1001N1100000000EN11E,0001F11000000002H65A,144mm*24.1mm*4200Pa(10000CU),NC372009081514514929,20,0,(null),0,10,(null),(null),1002,0001A810000000000PGM
1001N1100000000EN11D,1001N1100000000EN11F,0001F1100000000BUTCJ,120mm*22.1mm*3200Pa,NC372009081514514929,275,0,(null),0,20,(null),(null),1002,0001A810000000000PGM
1001N1100000000EN2CJ,1001N1100000000EN2CK,0001F11000000007DQ31,25.0g*26.5mm*5500m,NC092009081514514917,1020.25,3.64375,NC152009081514515029,280,10,(null),(null),1003,0001A8100000000012V3
1001N1100000000EN2CJ,1001N1100000000EN2CL,0001F11000000002C5YS,25.0g*27.0mm*5500m,NC092009081514514917,12474,3.7125,NC152009081514515029,3360,20,(null),(null),1003,0001A8100000000012V3
1001N1100000000EN2CJ,1001N1100000000EN2CM,0001F11000000000FZFN,26.5g*26.5mm*5000m,NC092009081514514917,55056.4,3.51125,NC152009081514515029,15680,30,(null),(null),1003,0001A8100000000012V3
1001N1100000000EN2CJ,1001N1100000000EN2CN,0001F11000000000LWP5,26.5g*53.0mm*5000m,NC092009081514514917,14157.36,7.0225,NC152009081514515029,2016,40,(null),(null),1003,0001A8100000000012V3
1001N1100000000EN2CJ,1001N1100000000EN2CO,0001F11000000007DQ2C,25.5g*26.25mm*4000m,NC092009081514514917,374.85,2.6775,NC152009081514515029,140,50,(null),(null),1003,0001A8100000000012V3
1001N1100000000EN0KD,1001N1100000000EN0KE,0001F11000000001F0K1,32.0g*26.5mm*4000m,NC092009081514514917,1899.52,3.392,NC152009081514515029,560,10,(null),(null),1003,0001A8100000000011QZ
1001N1100000000EN0KD,1001N1100000000EN0KF,0001F11000000002F63R,32.0g*53.0mm*4000m,NC092009081514514917,13676.544,6.784,NC152009081514515029,2016,20,(null),(null),1003,0001A8100000000011QZ
1001N1100000000EN2CP,1001N1100000000EN2CQ,0001F11000000000FZ81,28.0g*26.5mm*4000m,NC092009081514514917,29869.952,2.968,NC152009081514515029,10064,10,(null),(null),1003,0001A810000000000WBJ
1001N1100000000EN2CP,1001N1100000000EN2CR,0001F11000000000LWOP,28.0g*26.5mm*5000m,NC092009081514514917,5045.6,3.71,NC152009081514515029,1360,20,(null),(null),1003,0001A810000000000WBJ
1001N1100000000EN0KG,1001N1100000000EN0KH,0001F11000000004DQ8C,27.0g*26.5mm*5000m,NC092009081514514917,16027.2,3.5775,NC152009081514515029,4480,10,(null),(null),1003,0001A8100000000011QZ
1001N1100000000ENI85,1001N1100000000ENI86,0001F11000000000LLTW,120mm*19.8mm*3000Pa(10000CU),NC372009081514514929,1170,0,(null),0,10,(null),(null),1002,0001A810000000000PGM
1001N1100000000ENI85,1001N1100000000ENI87,0001F1100000000BUTCJ,120mm*22.1mm*3200Pa,NC372009081514514929,250,0,(null),0,20,(null),(null),1002,0001A810000000000PGM
1001N1100000000EQI0B,1001N1100000000EQI0C,0001F1100000000CGWTD,108mm*24.1mm*3100Pa(10000CU),NC372009081514514929,130,0,(null),0,10,(null),(null),1002,0001A810000000000PGM
1001N1100000000EQF3Y,1001N1100000000EQF3Z,0001F110000000036776,32.0g*26.5mm*4000m,NC092009081514514917,474.88,3.392,NC152009081514515029,140,10,130123,(null),1002,0001A81000000000147H
1001N1100000000EQF3Y,1001N1100000000EQF40,0001F11000000001UZGT,27.0g*53.0mm*5000m,NC092009081514514917,18316.8,7.155,NC152009081514515029,2560,20,0301-1,(null),1002,0001A810000000000WBJ
1001N1100000000EQF3Y,1001N1100000000EQF41,0001F11000000006AH3B,29.0g*26.5mm*5000m,NC092009081514514917,10759,3.8425,NC152009081514515029,2800,30,130301-2,(null),1002,0001A8100000000011QZ
1001N1100000000EQF3Y,1001N1100000000EQF42,0001F11000000009DM8I,26.5g*26.5mm*5000m,NC092009081514514917,4915.75,3.51125,NC152009081514515029,1400,40,130301-3,(null),1002,0001A8100000000011QZ
1001N1100000000EQLC8,1001N1100000000EQLC9,0001F11000000000FZ81,28.0g*26.5mm*4000m,NC092009081514514917,17095.68,2.968,NC152009081514515029,5760,10,0301-2,(null),1002,0001A810000000000WBJ
1001N1100000000EQSF6,1001N1100000000EQSF7,0001F11000000004DQ8C,27.0g*26.5mm*5000m,NC092009081514514917,10868.445,3.5775,NC152009081514515029,3038,10,130301-1,(null),1002,0001A8100000000011QZ
1001N1100000000EQSF6,1001N1100000000EQSF8,0001F11000000000FZ81,28.0g*26.5mm*4000m,NC092009081514514917,14958.72,2.968,NC152009081514515029,5040,20,130301-4,(null),1002,0001A8100000000011QZ
1001N1100000000EQLCB,1001N1100000000EQLCC,0001F11000000000FYJH,30.0g*25.0mm*5000m,NC092009081514514917,2625,3.75,NC152009081514515029,700,10,130301-1,(null),1002,0001A8100000000012V3
1001N1100000000EQLCB,1001N1100000000EQLCD,0001F11000000002ZOWM,25.0g*26.5mm*4000m,NC092009081514514917,15211,2.65,NC152009081514515029,5740,20,130301-3,(null),1002,0001A8100000000012V3
1001N1100000000EQLCB,1001N1100000000EQLCE,0001F11000000000NCVC,30.0g*22.0mm*5000m,NC092009081514514917,690,3.3,NC152009081514515029,209.090909,30,1303,(null),1002,0001A8100000000012V3
1001N1100000000EQGT8,1001N1100000000EQGT9,0001F11000000000FYR1,3.9Y31000,NC092009081514514917,210000,500,NC122009081514514958,420,10,珠纤,(null),1003,0001A810000000000P78
1001N1100000000EQGT8,1001N1100000000EQGTA,0001F11000000000FYRD,3.0Y32000,NC092009081514514917,175000,500,NC122009081514514958,350,20,南纤,(null),1003,0001A810000000000P78
1001N1100000000EQGTB,1001N1100000000EQGTC,0001F11000000000FYR1,3.9Y31000,NC092009081514514917,105000,500,NC122009081514514958,210,10,珠纤,(null),1002,0001A810000000000P78
1001N1100000000EQGTB,1001N1100000000EQGTD,0001F11000000000FYRD,3.0Y32000,NC092009081514514917,140000,500,NC122009081514514958,280,20,南纤,(null),1002,0001A810000000000P78
1001N1100000000EQT0I,1001N1100000000EQT0J,0001F11000000000FYS1,3.0Y35000,NC092009081514514917,19373,1,NC122009081514514958,19373,10,2012NGEQ/912209US 19.373MT,(null),1002,0001F1100000000A7WF6
1001N1100000000EQT0I,1001N1100000000EQT0K,0001F11000000000FYS1,3.0Y35000,NC092009081514514917,77695,1,NC122009081514514958,77695,20,2012NGEQ/912209US 77.695MT,(null),1002,0001F1100000000A7WF6
1001N1100000000EQL20,1001N1100000000EQL21,0001F11000000000FYS1,3.0Y35000,NC092009081514514917,99977,1,NC122009081514514958,99977,10,2013NGEQ/912025JP 99.977MT,(null),1002,0001F1100000000C30DM
1001N1100000000EQLSX,1001N1100000000EQLSY,0001F11000000000FYS1,3.0Y35000,NC092009081514514917,99937,1,NC122009081514514958,99937,10,2013NGEQ/912025JP 99.937MT,(null),1002,0001F1100000000C30DM
1001N1100000000EQL22,1001N1100000000EQL23,0001F11000000000FYS1,3.0Y35000,NC092009081514514917,99926,1,NC122009081514514958,99926,10,2013NGEQ/912025JP 99.926MT,(null),1002,0001F1100000000C30DM
1001N1100000000EV08E,1001N1100000000EV08F,0001F11000000002H65A,144mm*24.1mm*4200Pa(10000CU),NC372009081514514929,120,0,(null),0,10,(null),(null),1002,0001A810000000000PGM
1001N1100000000EYM05,1001N1100000000EYM06,0001F11000000000FYRD,3.0Y32000,NC092009081514514917,36404,500,NC122009081514514958,72.808,10,南纤,(null),1003,0001A810000000000P78
1001N1100000000EURV9,1001N1100000000EURVA,0001F11000000000FYRP,2.7Y35000,NC092009081514514917,99535,500,NC122009081514514958,199.07,10,2013NGEQ/912014US 99.535MT,(null),1002,0001F1100000000A7WF6
1001N1100000000EV030,1001N1100000000EV031,0001F11000000000FYRP,2.7Y35000,NC092009081514514917,99250,500,NC122009081514514958,198.5,10,2013NGEQ/912014US 99.25MT,(null),1003,0001F1100000000A7WF6
1001N1100000000EZLD8,1001N1100000000EZLD9,0001F11000000000FYSD,3.0Y32000,NC092009081514514917,198734,500,NC122009081514514958,397.468,10,2013NGEQ/912050US 198.734MT,(null),1003,0001F1100000000A7WF6
1001N1100000000EW2UK,1001N1100000000EW2UL,0001F11000000002F63R,32.0g*53.0mm*4000m,NC092009081514514917,1953.792,6.784,NC152009081514515029,288,10,(null),(null),1003,0001A8100000000011QZ
1001N1100000000EWSOA,1001N1100000000EWSOB,0001F11000000004DQ8C,27.0g*26.5mm*5000m,NC092009081514514917,150.255,3.5775,NC152009081514515029,42,10,130301-1,(null),1002,0001A8100000000011QZ
1001N1100000000EYCFG,1001N1100000000EYCFH,0001F11000000000FYRJ,3.0Y35000,NC092009081514514917,140000,1,NC122009081514514958,140000,10,南纤,(null),1002,0001A810000000000P78
1001N1100000000EYCFG,1001N1100000000EY9BY,0001F11000000000FYRJ,3.0Y35000,NC092009081514514917,34000,1,NC122009081514514958,34000,20,珠纤,(null),1002,0001A810000000000P78
1001N1100000000EYAF7,1001N1100000000EYAF8,0001F11000000002ZOWM,25.0g*26.5mm*4000m,NC092009081514514917,6996,2.65,NC152009081514515029,2640,10,0304-5,(null),1002,0001A8100000000012V3
1001N1100000000EYAF7,1001N1100000000EYAF9,0001F11000000000FYEV,30.0g*27.0mm*5000m,NC092009081514514917,17010,4.05,NC152009081514515029,4200,20,0301-4,(null),1002,0001A8100000000012V3
1001N1100000000EYAF7,1001N1100000000EYAFA,0001F11000000000NCVC,30.0g*22.0mm*5000m,NC092009081514514917,3930,3.3,NC152009081514515029,1190.909091,30,0301-2,(null),1002,0001A8100000000012V3
1001N1100000000EZ3LE,1001N1100000000EZ3LF,0001F11000000002ZOWM,25.0g*26.5mm*4000m,NC092009081514514917,2650,2.65,NC152009081514515029,1000,10,0301-3,(null),1002,0001A8100000000012V3
1001N1100000000EZE8S,1001N1100000000EZE8T,0001F11000000007185I,27.0g*26.5mm*5000m,NC092009081514514917,16027.2,3.5775,NC152009081514515029,4480,10,(null),(null),1003,0001F11000000003746Y
1001N1100000000EZFV2,1001N1100000000EZFV3,0001F11000000002V8Y9,26.5g*26.5mm*5000m,NC092009081514514917,15730.4,3.51125,NC152009081514515029,4480,10,(null),(null),1003,0001A8100000000011QZ
1001N1100000000EZI3B,1001N1100000000EZI3C,0001F11000000000LWOP,28.0g*26.5mm*5000m,NC092009081514514917,16145.92,3.71,NC152009081514515029,4352,10,(null),(null),1003,0001A810000000000WBJ
1001N1100000000EZOAG,1001N1100000000EZOAH,0001F11000000000FYS1,3.0Y35000,NC092009081514514917,99884.1,1,NC122009081514514958,99884.1,10,2013NGEQ/912029 99.8841MT,(null),1002,0001F1100000000A7WEW
1001N1100000000F1O0G,1001N1100000000F1O0H,0001F11000000002H65A,144mm*24.1mm*4200Pa(10000CU),NC372009081514514929,600,0,(null),0,10,(null),(null),1002,0001A810000000000PGM
1001N1100000000F1O0G,1001N1100000000F1O0I,0001F1100000000BUTCJ,120mm*22.1mm*3200Pa,NC372009081514514929,30,0,(null),0,20,(null),(null),1002,0001A810000000000PGM
1001N1100000000F1XL8,1001N1100000000F1XL9,0001F11000000000FZFN,26.5g*26.5mm*5000m,NC092009081514514917,36376.55,3.51125,NC152009081514515029,10360,10,(null),(null),1003,0001A8100000000012V3
1001N1100000000F1XL8,1001N1100000000F1XLA,0001F11000000000LWP5,26.5g*53.0mm*5000m,NC092009081514514917,14157.36,7.0225,NC152009081514515029,2016,20,(null),(null),1003,0001A8100000000012V3
1001N1100000000F1XL8,1001N1100000000F1XLB,0001F11000000002C5Z2,23.5g*26.25mm*5000m,NC092009081514514917,4318.125,3.084375,NC152009081514515029,1400,30,(null),(null),1003,0001A8100000000012V3
1001N1100000000F1O5O,1001N1100000000F1O5P,0001F11000000001F0K1,32.0g*26.5mm*4000m,NC092009081514514917,6173.44,3.392,NC152009081514515029,1820,10,(null),(null),1003,0001A8100000000011QZ
1001N1100000000F1O5O,1001N1100000000F1O5Q,0001F11000000002F63R,32.0g*53.0mm*4000m,NC092009081514514917,15630.336,6.784,NC152009081514515029,2304,20,(null),(null),1003,0001A8100000000011QZ
1001N1100000000F1O5O,1001N1100000000F1O5R,0001F11000000002V8Y9,26.5g*26.5mm*5000m,NC092009081514514917,23592.08875,3.51125,NC152009081514515029,6719,30,(null),(null),1003,0001A8100000000011QZ
1001N1100000000F1NE2,1001N1100000000F1NE3,0001F11000000000FZ81,28.0g*26.5mm*4000m,NC092009081514514917,20182.4,2.968,NC152009081514515029,6800,10,(null),(null),1003,0001A810000000000WBJ
1001N1100000000F1NE2,1001N1100000000F1NE4,0001F11000000000LWOP,28.0g*26.5mm*5000m,NC092009081514514917,5045.6,3.71,NC152009081514515029,1360,20,(null),(null),1003,0001A810000000000WBJ
1001N1100000000F1XLC,1001N1100000000F1XLD,0001F11000000000FZ81,28.0g*26.5mm*4000m,NC092009081514514917,17356.864,2.968,NC152009081514515029,5848,10,(null),(null),1003,0001A8100000000011QZ
1001N1100000000F2AES,1001N1100000000F2AET,0001F11000000000FYR1,3.9Y31000,NC092009081514514917,70229,500,NC122009081514514958,140.458,10,珠纤,(null),1003,0001A810000000000P78
1001N1100000000F315Z,1001N1100000000F3160,0001F1100000000CGWTD,108mm*24.1mm*3100Pa(10000CU),NC372009081514514929,6,0,(null),0,10,(null),(null),1002,0001A810000000000PGM
1001N1100000000F315Z,1001N1100000000F3161,0001F11000000000LLTW,120mm*19.8mm*3000Pa(10000CU),NC372009081514514929,30,0,(null),0,20,(null),(null),1002,0001A810000000000PGM
1001N1100000000F3QVM,1001N1100000000F3QVN,0001F1100000000CGWTD,108mm*24.1mm*3100Pa(10000CU),NC372009081514514929,60,0,(null),0,10,(null),(null),1002,0001A810000000000PGM
1001N1100000000F4V3B,1001N1100000000F4V3C,0001F11000000007185W,26.5g*26.5mm*5000m,NC092009081514514917,10112.4,3.51125,NC152009081514515029,2880,10,0401-1,(null),1002,0001A810000000000WBJ
1001N1100000000F4V3B,1001N1100000000F4V3D,0001F11000000001UZGT,27.0g*53.0mm*5000m,NC092009081514514917,18316.8,7.155,NC152009081514515029,2560,20,0401-2,(null),1002,0001A810000000000WBJ
1001N1100000000F4V3B,1001N1100000000F4V3E,0001F11000000001F0K1,32.0g*26.5mm*4000m,NC092009081514514917,7598.08,3.392,NC152009081514515029,2240,30,0401-1,(null),1002,0001A8100000000011QZ
1001N1100000000F4V3B,1001N1100000000F4V3F,0001F11000000002V8Y9,26.5g*26.5mm*5000m,NC092009081514514917,15730.4,3.51125,NC152009081514515029,4480,40,0401-3,(null),1002,0001A8100000000011QZ
1001N1100000000F4V3B,1001N1100000000F4V3G,0001F11000000009DM8Y,26.5g*53.0mm*5000m,NC092009081514514917,10112.4,7.0225,NC152009081514515029,1440,50,0401-4,(null),1002,0001A8100000000011QZ
1001N1100000000F4SSV,1001N1100000000F4SSW,0001F11000000000FZ81,28.0g*26.5mm*4000m,NC092009081514514917,17095.68,2.968,NC152009081514515029,5760,10,0401-3,(null),1002,0001A810000000000WBJ
1001N1100000000F4VVN,1001N1100000000F4VVO,0001F11000000000FYEV,30.0g*27.0mm*5000m,NC092009081514514917,14742,4.05,NC152009081514515029,3640,10,0401-1,(null),1002,0001A8100000000012V3
1001N1100000000F4VVN,1001N1100000000F4VVP,0001F11000000000FZFN,26.5g*26.5mm*5000m,NC092009081514514917,14747.25,3.51125,NC152009081514515029,4200,20,0401-2,(null),1002,0001A8100000000012V3
1001N1100000000F4VVN,1001N1100000000F4VVQ,0001F11000000000FZFN,26.5g*26.5mm*5000m,NC092009081514514917,27528.2,3.51125,NC152009081514515029,7840,30,0401-3,(null),1002,0001A8100000000012V3
1001N1100000000F4V3H,1001N1100000000F4V3I,0001F11000000004DQ8C,27.0g*26.5mm*5000m,NC092009081514514917,8013.6,3.5775,NC152009081514515029,2240,10,0401-1,(null),1002,0001A8100000000011QZ
1001N1100000000F4V3H,1001N1100000000F4V3J,0001F11000000000FZ81,28.0g*26.5mm*4000m,NC092009081514514917,14958.72,2.968,NC152009081514515029,5040,20,0404-5,(null),1002,0001A8100000000011QZ
1001N1100000000F4SSY,1001N1100000000F4SSZ,0001F11000000000FZ81,28.0g*26.5mm*4000m,NC092009081514514917,1614.592,2.968,NC152009081514515029,544,10,(null),(null),1003,0001A8100000000011QZ
1001N1100000000F9YMJ,1001N1100000000F9YMK,0001F11000000000FZFN,26.5g*26.5mm*5000m,NC092009081514514917,27528.2,3.51125,NC152009081514515029,7840,10,(null),(null),1003,0001A8100000000012V3
1001N1100000000FCX3U,1001N1100000000FCX3V,0001F11000000000FYR1,3.9Y31000,NC092009081514514917,110000,500,NC122009081514514958,220,10,珠纤,(null),1002,0001A810000000000P78
1001N1100000000FCX3U,1001N1100000000FCX3W,0001F11000000000FYRJ,3.0Y35000,NC092009081514514917,210000,1,NC122009081514514958,210000,20,南纤,(null),1002,0001A810000000000P78
1001N1100000000FCUSK,1001N1100000000FCUSL,0001F11000000000FYR1,3.9Y31000,NC092009081514514917,210000,500,NC122009081514514958,420,10,珠纤,(null),1003,0001A810000000000P78
1001N1100000000FCUSK,1001N1100000000FCUSM,0001F11000000000FYRD,3.0Y32000,NC092009081514514917,110000,500,NC122009081514514958,220,20,南纤,(null),1003,0001A810000000000P78
1001N1100000000FMBU3,1001N1100000000FMBU4,0001F11000000000FYS1,3.0Y35000,NC092009081514514917,99993.7,1,NC122009081514514958,99993.7,10,2013NGEQ/912029US 99.9937MT,(null),1002,0001F1100000000A7WEW
1001N1100000000FM8A1,1001N1100000000FM8A2,0001F11000000000FYSD,3.0Y32000,NC092009081514514917,199357,500,NC122009081514514958,398.714,10,2013NGEQ/912050US 199.357MT,(null),1003,0001F1100000000A7WF6
1001N1100000000FSI99,1001N1100000000FSI9A,0001F11000000009DM8I,26.5g*26.5mm*5000m,NC092009081514514917,5898.9,3.51125,NC152009081514515029,1680,10,0401-6,(null),1002,0001A8100000000011QZ
1001N1100000000FVSZY,1001N1100000000FVSZZ,0001F11000000000KVOE,(null),NC092009081514514917,1972,0,(null),0,10,LP20130328,(null),1003,0001A8100000000010HN
1001N1100000000FVSZY,1001N1100000000FVT00,0001F11000000000KVMV,(null),NC092009081514514917,16590,0,(null),0,20,LP20130328,(null),1003,0001A8100000000010HN
1001N1100000000G7KII,1001N1100000000G7KIJ,0001F11000000000FZFN,26.5g*26.5mm*5000m,NC092009081514514917,4915.75,3.51125,NC152009081514515029,1400,10,(null),(null),1003,0001A8100000000012V3
1001N1100000000G975Y,1001N1100000000G975Z,0001F11000000000FZFN,26.5g*26.5mm*5000m,NC092009081514514917,91432.95,3.51125,NC152009081514515029,26040,10,(null),(null),1003,0001A8100000000012V3
1001N1100000000G975Y,1001N1100000000G9760,0001F11000000000LWP5,26.5g*53.0mm*5000m,NC092009081514514917,13146.12,7.0225,NC152009081514515029,1872,20,(null),(null),1003,0001A8100000000012V3
1001N1100000000G8DSJ,1001N1100000000G8DSK,0001F11000000003676U,26.5g*26.5mm*5500m,NC092009081514514917,32443.95,3.862375,NC152009081514515029,8400,10,130501,(null),1002,0001A81000000000147H
1001N1100000000G8DSJ,1001N1100000000G8DSL,0001F11000000001UZGT,27.0g*53.0mm*5000m,NC092009081514514917,18316.8,7.155,NC152009081514515029,2560,20,130501-1,(null),1002,0001A810000000000WBJ
1001N1100000000G8EZK,1001N1100000000G8EZL,0001F11000000000FZ81,28.0g*26.5mm*4000m,NC092009081514514917,17095.68,2.968,NC152009081514515029,5760,10,130501-2,(null),1002,0001A810000000000WBJ
1001N1100000000G92M0,1001N1100000000G92M1,0001F11000000002F63R,32.0g*53.0mm*4000m,NC092009081514514917,5372.928,6.784,NC152009081514515029,792,10,(null),(null),1003,0001A8100000000011QZ
1001N1100000000G92M0,1001N1100000000G92M2,0001F11000000002V8Y9,26.5g*26.5mm*5000m,NC092009081514514917,56531.125,3.51125,NC152009081514515029,16100,20,(null),(null),1003,0001A8100000000011QZ
1001N1100000000G9761,1001N1100000000G9762,0001F11000000000FZ81,28.0g*26.5mm*4000m,NC092009081514514917,33099.136,2.968,NC152009081514515029,11152,10,(null),(null),1003,0001A810000000000WBJ
1001N1100000000G9761,1001N1100000000G9763,0001F11000000000LWOP,28.0g*26.5mm*5000m,NC092009081514514917,16145.92,3.71,NC152009081514515029,4352,20,(null),(null),1003,0001A810000000000WBJ
1001N1100000000G8EZM,1001N1100000000G8EZN,0001F11000000000FZ81,28.0g*26.5mm*4000m,NC092009081514514917,14958.72,2.968,NC152009081514515029,5040,10,130501,(null),1002,0001A8100000000011QZ
1001N1100000000G9764,1001N1100000000G9765,0001F11000000000FYEV,30.0g*27.0mm*5000m,NC092009081514514917,15876,4.05,NC152009081514515029,3920,10,130501,(null),1002,0001A8100000000012V3
1001N1100000000G9764,1001N1100000000G9766,0001F11000000000FZFN,26.5g*26.5mm*5000m,NC092009081514514917,13764.1,3.51125,NC152009081514515029,3920,20,130501,(null),1002,0001A8100000000012V3
1001N1100000000G9767,1001N1100000000G9768,0001F11000000004DQ8C,27.0g*26.5mm*5000m,NC092009081514514917,7512.75,3.5775,NC152009081514515029,2100,10,(null),(null),1003,0001A8100000000011QZ
1001N1100000000G9767,1001N1100000000G9769,0001F11000000000FZ81,28.0g*26.5mm*4000m,NC092009081514514917,21393.344,2.968,NC152009081514515029,7208,20,(null),(null),1003,0001A8100000000011QZ
1001N1100000000GE9H0,1001N1100000000GE9H1,0001F11000000002V8Y9,26.5g*26.5mm*5000m,NC092009081514514917,15730.4,3.51125,NC152009081514515029,4480,10,130501-2,(null),1002,0001A8100000000011QZ
1001N1100000000GE9H0,1001N1100000000GE9H2,0001F11000000002V8Y9,26.5g*26.5mm*5000m,NC092009081514514917,15730.4,3.51125,NC152009081514515029,4480,20,130501-3,(null),1002,0001A8100000000011QZ
1001N1100000000GE9H0,1001N1100000000GE9H3,0001F11000000002V8Y9,26.5g*26.5mm*5000m,NC092009081514514917,9831.5,3.51125,NC152009081514515029,2800,30,130501-4,(null),1002,0001A8100000000011QZ
1001N1100000000GE9H0,1001N1100000000GE9H4,0001F11000000003676U,26.5g*26.5mm*5500m,NC092009081514514917,10814.65,3.862375,NC152009081514515029,2800,40,130501-2,(null),1002,0001A81000000000147H
1001N1100000000GEDHN,1001N1100000000GEDHO,0001F11000000000FYRD,3.0Y32000,NC092009081514514917,70000,500,NC122009081514514958,140,10,南纤,(null),1002,0001A810000000000P78
1001N1100000000GEJVE,1001N1100000000GEJVF,0001F11000000001UZGT,27.0g*53.0mm*5000m,NC092009081514514917,18316.8,7.155,NC152009081514515029,2560,10,130501-4,(null),1002,0001A810000000000WBJ
1001N1100000000GEJVE,1001N1100000000GEJVG,0001F11000000006AH3B,29.0g*26.5mm*5000m,NC092009081514514917,6455.4,3.8425,NC152009081514515029,1680,20,130501-5,(null),1002,0001A8100000000011QZ
1001N1100000000GEJVE,1001N1100000000GEJVH,0001F11000000009DM8Y,26.5g*53.0mm*5000m,NC092009081514514917,10112.4,7.0225,NC152009081514515029,1440,30,130501-6,(null),1002,0001A8100000000011QZ
1001N1100000000GEFJR,1001N1100000000GEFJS,0001F11000000000FYS1,3.0Y35000,NC092009081514514917,98524,1,NC122009081514514958,98524,10,2013NGEQ/912059JP 98.524MT,(null),1002,0001F1100000000C30DM
1001N1100000000GEJVI,1001N1100000000GEJVJ,0001F11000000000FYS1,3.0Y35000,NC092009081514514917,199733.1,1,NC122009081514514958,199733.1,10,2013NGEQ/912084US 199.7331MT,(null),1002,0001F1100000000A7WEW
1001N1100000000GEFJT,1001N1100000000GEFJU,0001F11000000000FYSD,3.0Y32000,NC092009081514514917,199180,500,NC122009081514514958,398.36,10,2013NGEQ/912077US 199.18MT,(null),1003,0001F1100000000A7WF6
1001N1100000000GJUAM,1001N1100000000GJUAN,0001F11000000000FYRD,3.0Y32000,NC092009081514514917,88000,500,NC122009081514514958,176,10,南纤,(null),1002,0001A810000000000P78
1001N1100000000GV3PS,1001N1100000000GV3PT,0001F11000000000LLTW,120mm*19.8mm*3000Pa(10000CU),NC372009081514514929,522,0,(null),0,10,(null),(null),1002,0001A810000000000PGM
1001N1100000000GV3PS,1001N1100000000GV3PU,0001F1100000000F5DJM,120mm*19.8mm*3000Pa,NC372009081514514929,162,0,(null),0,20,(null),(null),1002,0001A810000000000PGM
1001N1100000000GV3PS,1001N1100000000GV3PV,0001F1100000000F5DJU,120mm*22.1mm*4000Pa,NC372009081514514929,305,0,(null),0,30,(null),(null),1002,0001A810000000000PGM
1001N1100000000GUYND,1001N1100000000GUYNE,0001F11000000002F63R,32.0g*53.0mm*4000m,NC092009081514514917,15630.336,6.784,NC152009081514515029,2304,10,(null),(null),1003,0001A8100000000011QZ
1001N1100000000GX03K,1001N1100000000GX03L,0001F11000000006AH3B,29.0g*26.5mm*5000m,NC092009081514514917,10759,3.8425,NC152009081514515029,2800,10,130601-1,(null),1002,0001A8100000000011QZ
1001N1100000000GX03K,1001N1100000000GX03M,0001F11000000009DM8Y,26.5g*53.0mm*5000m,NC092009081514514917,6067.44,7.0225,NC152009081514515029,864,20,130601-2,(null),1002,0001A8100000000011QZ
1001N1100000000GX03K,1001N1100000000GX03N,0001F11000000002V8Y9,26.5g*26.5mm*5000m,NC092009081514514917,15730.4,3.51125,NC152009081514515029,4480,30,130601-3,(null),1002,0001A8100000000011QZ
1001N1100000000GX03K,1001N1100000000GX03O,0001F11000000002V8Y9,26.5g*26.5mm*5000m,NC092009081514514917,15730.4,3.51125,NC152009081514515029,4480,40,130601-4,(null),1002,0001A8100000000011QZ
1001N1100000000GX03K,1001N1100000000GX03P,0001F11000000001F0K1,32.0g*26.5mm*4000m,NC092009081514514917,7598.08,3.392,NC152009081514515029,2240,50,130601-6,(null),1002,0001A8100000000011QZ
1001N1100000000GX03K,1001N1100000000GX03Q,0001F11000000003676U,26.5g*26.5mm*5500m,NC092009081514514917,21629.3,3.862375,NC152009081514515029,5600,60,(null),(null),1002,0001A81000000000147H
1001N1100000000GX03K,1001N1100000000GX03R,0001F11000000003676U,26.5g*26.5mm*5500m,NC092009081514514917,32443.95,3.862375,NC152009081514515029,8400,70,(null),(null),1002,0001A81000000000147H
1001N1100000000GX03K,1001N1100000000GX03S,0001F11000000007185W,26.5g*26.5mm*5000m,NC092009081514514917,4494.4,3.51125,NC152009081514515029,1280,80,(null),(null),1002,0001A810000000000WBJ
1001N1100000000GX03K,1001N1100000000GX03T,0001F11000000001UZGT,27.0g*53.0mm*5000m,NC092009081514514917,13737.6,7.155,NC152009081514515029,1920,90,(null),(null),1002,0001A810000000000WBJ
1001N1100000000GXCX1,1001N1100000000GXCX2,0001F11000000000FZ81,28.0g*26.5mm*4000m,NC092009081514514917,17095.68,2.968,NC152009081514515029,5760,10,(null),(null),1002,0001A810000000000WBJ
1001N1100000000GXCX1,1001N1100000000GXCX3,0001F11000000000FZ81,28.0g*26.5mm*4000m,NC092009081514514917,17095.68,2.968,NC152009081514515029,5760,20,(null),(null),1002,0001A810000000000WBJ
1001N1100000000GWQBX,1001N1100000000GWQBY,0001F11000000000FZFN,26.5g*26.5mm*5000m,NC092009081514514917,5068.925,3.51125,NC152009081514515029,1443.624066,10,130601-1,(null),1002,0001A8100000000012V3
1001N1100000000GWQBX,1001N1100000000GWQBZ,0001F11000000000FYEV,30.0g*27.0mm*5000m,NC092009081514514917,2372,4.05,NC152009081514515029,585.679012,20,130601,(null),1002,0001A8100000000012V3
1001N1100000000GXCX4,1001N1100000000GXCX5,0001F11000000004DQ8C,27.0g*26.5mm*5000m,NC092009081514514917,8013.6,3.5775,NC152009081514515029,2240,10,130601-5,(null),1002,0001A8100000000011QZ
1001N1100000000GXCX4,1001N1100000000GXCX6,0001F11000000000FZ81,28.0g*26.5mm*4000m,NC092009081514514917,8310.4,2.968,NC152009081514515029,2800,20,130601-7,(null),1002,0001A8100000000011QZ
1001N1100000000GXZUY,1001N1100000000GXZUZ,0001F11000000000FYR1,3.9Y31000,NC092009081514514917,210000,500,NC122009081514514958,420,10,珠纤,(null),1003,0001A810000000000P78
1001N1100000000GXZUY,1001N1100000000GXZV0,0001F11000000000FYRD,3.0Y32000,NC092009081514514917,317000,500,NC122009081514514958,634,20,南纤,(null),1003,0001A810000000000P78
1001N1100000000GY07S,1001N1100000000GY07T,0001F11000000000FYR1,3.9Y31000,NC092009081514514917,210000,500,NC122009081514514958,420,10,珠纤,(null),1002,0001A810000000000P78
1001N1100000000GY07S,1001N1100000000GY07U,0001F11000000000FYRD,3.0Y32000,NC092009081514514917,105000,500,NC122009081514514958,210,20,南纤,(null),1002,0001A810000000000P78
1001N1100000000GY09A,1001N1100000000GY09B,0001F11000000000LLTW,120mm*19.8mm*3000Pa(10000CU),NC372009081514514929,1422,0,(null),0,10,(null),(null),1002,0001A810000000000PGM
1001N1100000000GY1R5,1001N1100000000GY1R6,0001F11000000000LWP5,26.5g*53.0mm*5000m,NC092009081514514917,28314.72,7.0225,NC152009081514515029,4032,10,(null),(null),1003,0001A8100000000012V3
1001N1100000000GY1R5,1001N1100000000GY1R7,0001F11000000002C5YS,25.0g*27.0mm*5500m,NC092009081514514917,5197.5,3.7125,NC152009081514515029,1400,20,(null),(null),1003,0001A8100000000012V3
1001N1100000000GY1R5,1001N1100000000GY1R8,0001F11000000000FZFN,26.5g*26.5mm*5000m,NC092009081514514917,105197.05,3.51125,NC152009081514515029,29960,30,(null),(null),1003,0001A8100000000012V3
1001N1100000000GXY2A,1001N1100000000GXY2B,0001F11000000001F0K1,32.0g*26.5mm*4000m,NC092009081514514917,4273.92,3.392,NC152009081514515029,1260,10,(null),(null),1003,0001A8100000000011QZ
1001N1100000000GXY2A,1001N1100000000GXY2C,0001F11000000002F63R,32.0g*53.0mm*4000m,NC092009081514514917,8303.616,6.784,NC152009081514515029,1224,20,(null),(null),1003,0001A8100000000011QZ
1001N1100000000GXY2A,1001N1100000000GXY2D,0001F11000000002V8Y9,26.5g*26.5mm*5000m,NC092009081514514917,8514.45,3.51125,NC152009081514515029,2424.90566,30,(null),(null),1003,0001A8100000000011QZ
1001N1100000000GXY2A,1001N1100000000GXY2E,0001F110000000036776,32.0g*26.5mm*4000m,NC092009081514514917,474.88,3.392,NC152009081514515029,140,40,(null),(null),1003,0001A81000000000147H
1001N1100000000GY1R9,1001N1100000000GY1RA,0001F11000000000FZ81,28.0g*26.5mm*4000m,NC092009081514514917,38750.208,2.968,NC152009081514515029,13056,10,(null),(null),1003,0001A810000000000WBJ
1001N1100000000GY1R9,1001N1100000000GY1RB,0001F11000000000LWOP,28.0g*26.5mm*5000m,NC092009081514514917,32291.84,3.71,NC152009081514515029,8704,20,(null),(null),1003,0001A810000000000WBJ
1001N1100000000GYPK8,1001N1100000000GYPK9,0001F11000000000FZFN,26.5g*26.5mm*5000m,NC092009081514514917,22459.275,3.51125,NC152009081514515029,6396.375935,10,130601-1,(null),1002,0001A8100000000012V3
1001N1100000000GYWAK,1001N1100000000GYWAL,0001F11000000004DQ8C,27.0g*26.5mm*5000m,NC092009081514514917,5509.35,3.5775,NC152009081514515029,1540,10,(null),(null),1003,0001A8100000000011QZ
1001N1100000000GYWAK,1001N1100000000GYWAM,0001F11000000000FZ81,28.0g*26.5mm*4000m,NC092009081514514917,24218.88,2.968,NC152009081514515029,8160,20,(null),(null),1003,0001A8100000000011QZ
1001N1100000000H2227,1001N1100000000H2228,0001F11000000000LWP5,26.5g*53.0mm*5000m,NC092009081514514917,14157.36,7.0225,NC152009081514515029,2016,10,20130601-3,(null),1002,0001A8100000000012V3
1001N1100000000H2227,1001N1100000000H2229,0001F11000000000FZFN,26.5g*26.5mm*5000m,NC092009081514514917,14747.25,3.51125,NC152009081514515029,4200,20,1306-4,(null),1002,0001A8100000000012V3
1001N1100000000H2227,1001N1100000000H222A,0001F110000000071868,27.0g*26.5mm*5500m,NC092009081514514917,11018.7,3.93525,NC152009081514515029,2800,30,130601-5,(null),1002,0001A8100000000012V3
1001N1100000000H2227,1001N1100000000H222B,0001F11000000000NCVC,30.0g*22.0mm*5000m,NC092009081514514917,1070,3.3,NC152009081514515029,324.242424,40,1306-6,(null),1002,0001A8100000000012V3
1001N1100000000H2227,1001N1100000000H222C,0001F11000000002ZOWM,25.0g*26.5mm*4000m,NC092009081514514917,1382,2.65,NC152009081514515029,521.509434,50,1306-7,(null),1002,0001A8100000000012V3
1001N1100000000H3CI0,1001N1100000000H3CI1,0001F11000000002V8Y9,26.5g*26.5mm*5000m,NC092009081514514917,15730.4,3.51125,NC152009081514515029,4480,10,1306-8,(null),1002,0001A8100000000011QZ
1001N1100000000H3CI0,1001N1100000000H3CI2,0001F11000000002V8Y9,26.5g*26.5mm*5000m,NC092009081514514917,15730.4,3.51125,NC152009081514515029,4480,20,1306-9,(null),1002,0001A8100000000011QZ
1001N1100000000H3FAB,1001N1100000000H3FAC,0001F11000000001F0K1,32.0g*26.5mm*4000m,NC092009081514514917,2849.28,3.392,NC152009081514515029,840,10,(null),(null),1003,0001A8100000000011QZ
1001N1100000000H4B4F,1001N1100000000H4B4G,0001F11000000002V8Y9,26.5g*26.5mm*5000m,NC092009081514514917,15730.4,3.51125,NC152009081514515029,4480,10,1306-10,(null),1002,0001A8100000000011QZ
1001N1100000000H4I20,1001N1100000000H4I21,0001F11000000000FYEV,30.0g*27.0mm*5000m,NC092009081514514917,13504,4.05,NC152009081514515029,3334.320988,10,130601-2,(null),1002,0001A8100000000012V3
1001N1100000000H4I20,1001N1100000000H4I22,0001F11000000000NCVC,30.0g*22.0mm*5000m,NC092009081514514917,5676,3.3,NC152009081514515029,1720,20,1306-6,(null),1002,0001A8100000000012V3
1001N1100000000H50FI,1001N1100000000H50FJ,0001F11000000002H65A,144mm*24.1mm*4200Pa(10000CU),NC372009081514514929,40,0,(null),0,20,(null),(null),1002,0001A810000000000PGM
1001N1100000000H50FI,1001N1100000000H50FK,0001F1100000000BUTCJ,120mm*22.1mm*3200Pa,NC372009081514514929,700,0,(null),0,30,(null),(null),1002,0001A810000000000PGM
1001N1100000000H5IAE,1001N1100000000H5IAF,0001F1100000000BUTCJ,120mm*22.1mm*3200Pa,NC372009081514514929,410,0,(null),0,10,(null),(null),1002,0001A810000000000PGM
1001N1100000000H5IAE,1001N1100000000H5IAG,0001F11000000001K3OM,108mm*24.1mm*3100Pa(10000CU),NC372009081514514929,392,0,(null),0,20,(null),(null),1002,0001A810000000000PGM
1001N1100000000HB2KD,1001N1100000000HB2KE,0001F11000000000GC3A,1.6mm*10000m,0001F11000000000N31D,480,1,NC152009081514515029,480,10,Lp20130104 480rolls,(null),1003,0001A810000000000X4F
1001N1100000000HEPQC,1001N1100000000HEPQD,0001F11000000000FYS1,3.0Y35000,NC092009081514514917,98440,1,NC122009081514514958,98440,10,2013NGEQ/912059JP 98.44MT,(null),1002,0001F1100000000C30DM
1001N1100000000HEMN9,1001N1100000000HEMNA,0001F11000000000FYS1,3.0Y35000,NC092009081514514917,99577.5,1,NC122009081514514958,99577.5,10,2013NGEQ/912084US 99.5775MT,(null),1002,0001F1100000000A7WEW
1001N1100000000HEL44,1001N1100000000HEL45,0001F11000000000FYSD,3.0Y32000,NC092009081514514917,196634,500,NC122009081514514958,393.268,10,2013NGEQ/912077US 196.634MT,(null),1003,0001F1100000000A7WF6
1001N1100000000HEMNB,1001N1100000000HEMNC,0001F11000000000FYSD,3.0Y32000,NC092009081514514917,99342,500,NC122009081514514958,198.684,10,2013NGEQ/912077US 99.342MT,(null),1003,0001F1100000000A7WF6
1001N1100000000HGDOK,1001N1100000000HGDOL,0001F1100000000BUTCJ,120mm*22.1mm*3200Pa,NC372009081514514929,90,0,(null),0,10,(null),(null),1002,0001A810000000000PGM
1001N1100000000HL7XB,1001N1100000000HL7XC,0001F11000000002F63R,32.0g*53.0mm*4000m,NC092009081514514917,7326.72,6.784,NC152009081514515029,1080,10,(null),(null),1003,0001A8100000000011QZ
1001N1100000000HLCLW,1001N1100000000HLCLX,0001F11000000000FZ81,28.0g*26.5mm*4000m,NC092009081514514917,6648.32,2.968,NC152009081514515029,2240,10,(null),(null),1002,0001A8100000000011QZ
1001N1100000000HMPN7,1001N1100000000HMPN8,0001F11000000003676U,26.5g*26.5mm*5500m,NC092009081514514917,27668.15,3.862375,NC152009081514515029,7163.50691,10,(null),(null),1002,0001A81000000000147H
1001N1100000000HMPN7,1001N1100000000HMPN9,0001F11000000007185W,26.5g*26.5mm*5000m,NC092009081514514917,9831.5,3.51125,NC152009081514515029,2800,20,1307,(null),1002,0001A810000000000WBJ
1001N1100000000HMPN7,1001N1100000000HMPNA,0001F11000000001UZGT,27.0g*53.0mm*5000m,NC092009081514514917,18316.8,7.155,NC152009081514515029,2560,30,1307,(null),1002,0001A810000000000WBJ
1001N1100000000HMPN7,1001N1100000000HMPNB,0001F11000000001UZGT,27.0g*53.0mm*5000m,NC092009081514514917,18316.8,7.155,NC152009081514515029,2560,40,1307,(null),1002,0001A810000000000WBJ
1001N1100000000HMPN7,1001N1100000000HMPNC,0001F11000000002V8Y9,26.5g*26.5mm*5000m,NC092009081514514917,15730.4,3.51125,NC152009081514515029,4480,50,(null),(null),1002,0001A8100000000011QZ
1001N1100000000HMPN7,1001N1100000000HMPND,0001F11000000002V8Y9,26.5g*26.5mm*5000m,NC092009081514514917,15730.4,3.51125,NC152009081514515029,4480,60,(null),(null),1002,0001A8100000000011QZ
1001N1100000000HMPN7,1001N1100000000HMPNE,0001F11000000002V8Y9,26.5g*26.5mm*5000m,NC092009081514514917,15730.4,3.51125,NC152009081514515029,4480,70,1307,(null),1002,0001A8100000000011QZ
1001N1100000000HMPN7,1001N1100000000HMPNF,0001F11000000002V8Y9,26.5g*26.5mm*5000m,NC092009081514514917,15730.4,3.51125,NC152009081514515029,4480,80,1307,(null),1002,0001A8100000000011QZ
1001N1100000000HMPN7,1001N1100000000HMPNG,0001F11000000002V8Y9,26.5g*26.5mm*5000m,NC092009081514514917,15730.4,3.51125,NC152009081514515029,4480,90,1307,(null),1002,0001A8100000000011QZ
1001N1100000000HMPN7,1001N1100000000HMPNH,0001F11000000006AH3B,29.0g*26.5mm*5000m,NC092009081514514917,10759,3.8425,NC152009081514515029,2800,100,1307,(null),1002,0001A8100000000011QZ
1001N1100000000HMPN7,1001N1100000000HMPNI,0001F11000000001F0K1,32.0g*26.5mm*4000m,NC092009081514514917,9497.6,3.392,NC152009081514515029,2800,110,(null),(null),1002,0001A8100000000011QZ
1001N1100000000HMY7B,1001N1100000000HMY7C,0001F11000000000FZ81,28.0g*26.5mm*4000m,NC092009081514514917,14958.72,2.968,NC152009081514515029,5040,10,(null),(null),1002,0001A8100000000011QZ
1001N1100000000HMY7D,1001N1100000000HMY7E,0001F11000000000FYJH,30.0g*25.0mm*5000m,NC092009081514514917,6300,3.75,NC152009081514515029,1680,10,130601-9,(null),1002,0001A8100000000012V3
1001N1100000000HMY7D,1001N1100000000HMY7F,0001F11000000000NCVC,30.0g*22.0mm*5000m,NC092009081514514917,2772,3.3,NC152009081514515029,840,20,130601-10,(null),1002,0001A8100000000012V3
1001N1100000000HMY7D,1001N1100000000HMY7G,0001F11000000000FZFN,26.5g*26.5mm*5000m,NC092009081514514917,7596.425,3.51125,NC152009081514515029,2163.453186,30,(null),(null),1002,0001A8100000000012V3
1001N1100000000HMY7D,1001N1100000000HMY7H,0001F11000000000LWP5,26.5g*53.0mm*5000m,NC092009081514514917,15168.6,7.0225,NC152009081514515029,2160,40,130701,(null),1002,0001A8100000000012V3
1001N1100000000HMY7D,1001N1100000000HMY7I,0001F11000000000FYEV,30.0g*27.0mm*5000m,NC092009081514514917,14742,4.05,NC152009081514515029,3640,50,130701,(null),1002,0001A8100000000012V3
1001N1100000000HMY7D,1001N1100000000HMY7J,0001F11000000002ZOWM,25.0g*26.5mm*4000m,NC092009081514514917,17910,2.65,NC152009081514515029,6758.490566,60,1306,(null),1002,0001A8100000000012V3
1001N1100000000HMY7D,1001N1100000000HMY7K,0001F11000000002ZOWM,25.0g*26.5mm*4000m,NC092009081514514917,19292,2.65,NC152009081514515029,7280,70,1307,(null),1002,0001A8100000000012V3
1001N1100000000HO3AY,1001N1100000000HO3AZ,0001F11000000007DQ31,25.0g*26.5mm*5500m,NC092009081514514917,2040.5,3.64375,NC152009081514515029,560,10,(null),(null),1003,0001A8100000000012V3
1001N1100000000HO3AY,1001N1100000000HO3B0,0001F11000000007DQ2C,25.5g*26.25mm*4000m,NC092009081514514917,771.12,2.6775,NC152009081514515029,288,20,(null),(null),1003,0001A8100000000012V3
1001N1100000000HO3AY,1001N1100000000HO3B1,0001F11000000000FZFN,26.5g*26.5mm*5000m,NC092009081514514917,64887.9,3.51125,NC152009081514515029,18480,30,(null),(null),1003,0001A8100000000012V3
1001N1100000000HO3AY,1001N1100000000HO3B2,0001F11000000000LWP5,26.5g*53.0mm*5000m,NC092009081514514917,43483.32,7.0225,NC152009081514515029,6192,40,(null),(null),1003,0001A8100000000012V3
1001N1100000000HOMQ5,1001N1100000000HOMQ6,0001F11000000007185I,27.0g*26.5mm*5000m,NC092009081514514917,23539.95,3.5775,NC152009081514515029,6580,10,(null),(null),1003,0001F11000000003746Y
1001N1100000000HO3X8,1001N1100000000HO3X9,0001F11000000002V8Y9,26.5g*26.5mm*5000m,NC092009081514514917,15730.4,3.51125,NC152009081514515029,4480,10,(null),(null),1003,0001A8100000000011QZ
1001N1100000000HO3X8,1001N1100000000HO3XA,0001F11000000001F0K1,32.0g*26.5mm*4000m,NC092009081514514917,7123.2,3.392,NC152009081514515029,2100,20,(null),(null),1003,0001A8100000000011QZ
1001N1100000000HO3X8,1001N1100000000HO3XB,0001F11000000002F63R,32.0g*53.0mm*4000m,NC092009081514514917,15630.336,6.784,NC152009081514515029,2304,30,(null),(null),1003,0001A8100000000011QZ
1001N1100000000HOMQ7,1001N1100000000HOMQ8,0001F11000000000LWOP,28.0g*26.5mm*5000m,NC092009081514514917,32291.84,3.71,NC152009081514515029,8704,10,(null),(null),1003,0001A810000000000WBJ
1001N1100000000HOMQ9,1001N1100000000HOMQA,0001F11000000000FZ81,28.0g*26.5mm*4000m,NC092009081514514917,29062.656,2.968,NC152009081514515029,9792,10,(null),(null),1003,0001A8100000000011QZ
1001N1100000000HP7TO,1001N1100000000HP7TP,0001F11000000002ZOWM,25.0g*26.5mm*4000m,NC092009081514514917,7420,2.65,NC152009081514515029,2800,10,1307,(null),1002,0001A81000000000147H
1001N1100000000HP7TO,1001N1100000000HP7TQ,0001F11000000002ZOWM,25.0g*26.5mm*4000m,NC092009081514514917,7420,2.65,NC152009081514515029,2800,20,1307,(null),1002,0001A81000000000147H
1001N1100000000HP7TR,1001N1100000000HP7TS,0001F11000000000FZFN,26.5g*26.5mm*5000m,NC092009081514514917,11083.425,3.51125,NC152009081514515029,3156.546814,10,130601,(null),1002,0001A8100000000012V3
1001N1100000000HSA9C,1001N1100000000HSA9D,0001F11000000007185I,27.0g*26.5mm*5000m,NC092009081514514917,4507.65,3.5775,NC152009081514515029,1260,10,(null),(null),1003,0001F11000000003746Y
1001N1100000000HSH5O,1001N1100000000HSH5P,0001F11000000007185W,26.5g*26.5mm*5000m,NC092009081514514917,280.9,3.51125,NC152009081514515029,80,10,(null),(null),1002,0001A810000000000X41
1001N1100000000I29T9,1001N1100000000I29TA,0001F11000000000FZ81,28.0g*26.5mm*4000m,NC092009081514514917,6136.704,2.968,NC152009081514515029,2067.622642,10,(null),(null),1003,0001A810000000000WBJ
1001N1100000000I332C,1001N1100000000I332D,0001F11000000000FYS1,3.0Y35000,NC092009081514514917,98982.9,1,NC122009081514514958,98982.9,10,2013NGEQ/912084US 98.9829MT,(null),1002,0001F1100000000A7WEW
1001N1100000000I2Z9R,1001N1100000000I2Z9S,0001F11000000000FYSD,3.0Y32000,NC092009081514514917,199003,500,NC122009081514514958,398.006,10,2013NGEQ/912077US 199.003MT,(null),1003,0001F1100000000A7WF6
1001N1100000000I7CLH,1001N1100000000I7CLI,0001F11000000000FYR1,3.9Y31000,NC092009081514514917,210000,500,NC122009081514514958,420,10,珠纤,(null),1003,0001A810000000000P78
1001N1100000000I79IB,1001N1100000000I79IC,0001F11000000000FYRD,3.0Y32000,NC092009081514514917,170000,500,NC122009081514514958,340,10,南纤,(null),1003,0001A810000000000P78
1001N1100000000I79IB,1001N1100000000I79ID,0001F11000000000FYQV,2.7Y35000,NC092009081514514917,70000,500,NC122009081514514958,140,20,南纤,(null),1003,0001A810000000000P78
1001N1100000000I77YZ,1001N1100000000I77Z0,0001F11000000000FYR1,3.9Y31000,NC092009081514514917,105000,500,NC122009081514514958,210,10,珠纤,(null),1002,0001A810000000000P78
1001N1100000000I77YZ,1001N1100000000I77Z1,0001F11000000000FYRJ,3.0Y35000,NC092009081514514917,70000,1,NC122009081514514958,70000,20,南纤,(null),1002,0001A810000000000P78
1001N1100000000I7B42,1001N1100000000I7B43,0001F11000000003676U,26.5g*26.5mm*5500m,NC092009081514514917,4775.8,3.862375,NC152009081514515029,1236.49309,10,0710,(null),1002,0001A81000000000147H
1001N1100000000IB15J,1001N1100000000IB15K,0001F11000000000FZ81,28.0g*26.5mm*4000m,NC092009081514514917,17095.68,2.968,NC152009081514515029,5760,10,(null),(null),1002,0001A810000000000WBJ
1001N1100000000IATL0,1001N1100000000IATL1,0001F11000000002ZOWM,25.0g*26.5mm*4000m,NC092009081514514917,19292,2.65,NC152009081514515029,7280,10,130701,(null),1002,0001A8100000000012V3
1001N1100000000IFAPG,1001N1100000000IFAPH,0001F11000000000FYR1,3.9Y31000,NC092009081514514917,35851,500,NC122009081514514958,71.702,10,珠纤,(null),1003,0001A810000000000P78
1001N1100000000IEKHD,1001N1100000000IEKHE,0001F11000000007DQ31,25.0g*26.5mm*5500m,NC092009081514514917,2040.5,3.64375,NC152009081514515029,560,10,(null),(null),1003,0001A8100000000012V3
1001N1100000000IEKHD,1001N1100000000IEKHF,0001F11000000002C5YS,25.0g*27.0mm*5500m,NC092009081514514917,18711,3.7125,NC152009081514515029,5040,20,(null),(null),1003,0001A8100000000012V3
1001N1100000000IEKHD,1001N1100000000IEKHG,0001F11000000000FZFN,26.5g*26.5mm*5000m,NC092009081514514917,2949.45,3.51125,NC152009081514515029,840,30,(null),(null),1003,0001A8100000000012V3
1001N1100000000IEKHD,1001N1100000000IEKHH,0001F11000000000LWP5,26.5g*53.0mm*5000m,NC092009081514514917,28314.72,7.0225,NC152009081514515029,4032,40,(null),(null),1003,0001A8100000000012V3
1001N1100000000IEKHD,1001N1100000000IEKHI,0001F11000000002C5Z2,23.5g*26.25mm*5000m,NC092009081514514917,3454.5,3.084375,NC152009081514515029,1120,50,(null),(null),1003,0001A8100000000012V3
1001N1100000000IEKHD,1001N1100000000IEKHJ,0001F11000000007DQ2C,25.5g*26.25mm*4000m,NC092009081514514917,771.12,2.6775,NC152009081514515029,288,60,(null),(null),1003,0001A8100000000012V3
1001N1100000000IFK7C,1001N1100000000IFK7D,0001F11000000001F0K1,32.0g*26.5mm*4000m,NC092009081514514917,9022.72,3.392,NC152009081514515029,2660,10,(null),(null),1003,0001A8100000000011QZ
1001N1100000000IFK7C,1001N1100000000IFK7E,0001F11000000002F63R,32.0g*53.0mm*4000m,NC092009081514514917,30392.32,6.784,NC152009081514515029,4480,20,(null),(null),1003,0001A8100000000011QZ
1001N1100000000IFK7C,1001N1100000000IFK7F,0001F11000000002V8Y9,26.5g*26.5mm*5000m,NC092009081514514917,116503.275,3.51125,NC152009081514515029,33180,30,(null),(null),1003,0001A8100000000011QZ
1001N1100000000IFAPN,1001N1100000000IFAPO,0001F11000000000FZ81,28.0g*26.5mm*4000m,NC092009081514514917,43593.984,2.968,NC152009081514515029,14688,10,(null),(null),1003,0001A810000000000WBJ
1001N1100000000IFAPN,1001N1100000000IFAPP,0001F11000000000LWOP,28.0g*26.5mm*5000m,NC092009081514514917,32291.84,3.71,NC152009081514515029,8704,20,(null),(null),1003,0001A810000000000WBJ
1001N1100000000IG13E,1001N1100000000IG13F,0001F11000000000FZ81,28.0g*26.5mm*4000m,NC092009081514514917,4843.776,2.968,NC152009081514515029,1632,10,(null),(null),1003,0001A8100000000011QZ
1001N1100000000IFXP1,1001N1100000000IFXP3,0001F11000000001F0K1,32.0g*26.5mm*4000m,NC092009081514514917,15196.16,3.392,NC152009081514515029,4480,20,1308-1,(null),1002,0001A8100000000011QZ
1001N1100000000IFXP1,1001N1100000000IFXP4,0001F11000000009DM8Y,26.5g*53.0mm*5000m,NC092009081514514917,16179.84,7.0225,NC152009081514515029,2304,30,1308-2,(null),1002,0001A8100000000011QZ
1001N1100000000IFXP1,1001N1100000000IFXP5,0001F11000000001UZGT,27.0g*53.0mm*5000m,NC092009081514514917,48081.6,7.155,NC152009081514515029,6720,40,1308,(null),1002,0001A810000000000WBJ
1001N1100000000IFXP1,1001N1100000000IFXP6,0001F11000000007185W,26.5g*26.5mm*5000m,NC092009081514514917,6741.6,3.51125,NC152009081514515029,1920,50,1308,(null),1002,0001A810000000000WBJ
1001N1100000000IGB9G,1001N1100000000IGB9H,0001F11000000000FZ81,28.0g*26.5mm*4000m,NC092009081514514917,17095.68,2.968,NC152009081514515029,5760,10,1308,(null),1002,0001A810000000000WBJ
1001N1100000000IFXP7,1001N1100000000IFXP8,0001F11000000002ZOWM,25.0g*26.5mm*4000m,NC092009081514514917,14840,2.65,NC152009081514515029,5600,10,(null),(null),1002,0001A81000000000147H
1001N1100000000IGAKM,1001N1100000000IGAKN,0001F11000000000FYEV,30.0g*27.0mm*5000m,NC092009081514514917,17010,4.05,NC152009081514515029,4200,10,1308,(null),1002,0001A8100000000012V3
1001N1100000000IGAKM,1001N1100000000IGAKO,0001F110000000071868,27.0g*26.5mm*5500m,NC092009081514514917,14324.31,3.93525,NC152009081514515029,3640,20,1308,(null),1002,0001A8100000000012V3
1001N1100000000IGB9L,1001N1100000000IGB9M,0001F11000000000FZ81,28.0g*26.5mm*4000m,NC092009081514514917,14958.72,2.968,NC152009081514515029,5040,10,1308-4,(null),1002,0001A8100000000011QZ
1001N1100000000IHN15,1001N1100000000IHN16,0001F11000000002V8Y9,26.5g*26.5mm*5000m,NC092009081514514917,31460.8,3.51125,NC152009081514515029,8960,10,1308,(null),1002,0001A8100000000011QZ
1001N1100000000IK67M,1001N1100000000IK67N,0001F11000000000FYQV,2.7Y35000,NC092009081514514917,36447,500,NC122009081514514958,72.894,10,南纤,(null),1003,0001A810000000000P78
1001N1100000000IK25V,1001N1100000000IK25W,0001F11000000000FYS1,3.0Y35000,NC092009081514514917,99943,1,NC122009081514514958,99943,10,2013NGEQ/912120JP 99.943MT,(null),1002,0001F1100000000C30DM
1001N1100000000IK2XU,1001N1100000000IK2XV,0001F11000000000FYS1,3.0Y35000,NC092009081514514917,199965.5,1,NC122009081514514958,199965.5,10,2013NGEQ/912126US 199.9655MT,(null),1002,0001F1100000000A7WEW
1001N1100000000IP5SQ,1001N1100000000IP5SR,0001F1100000000F5DJU,120mm*22.1mm*4000Pa,NC372009081514514929,125,0,(null),0,5,(null),(null),1002,0001A810000000000PGM
1001N1100000000IP5SQ,1001N1100000000IP5SS,0001F11000000001K3OM,108mm*24.1mm*3100Pa(10000CU),NC372009081514514929,600,0,(null),0,10,(null),(null),1002,0001A810000000000PGM
1001N1100000000IP5SQ,1001N1100000000IQGF4,0001F1100000000G4IGO,120mm*19.8mm*3400Pa(10000CU),NC372009081514514929,660,0,(null),0,15,(null),(null),1002,0001A810000000000PGM
1001N1100000000IUOBP,1001N1100000000IUOBQ,0001F11000000000FYR1,3.9Y31000,NC092009081514514917,110000,500,NC122009081514514958,220,5,珠纤,(null),1003,0001A810000000000P78
1001N1100000000IUOBP,1001N1100000000IUOBR,0001F11000000000FYRD,3.0Y32000,NC092009081514514917,210000,500,NC122009081514514958,420,10,南纤,(null),1003,0001A810000000000P78
1001N1100000000IY5VF,1001N1100000000IY5VG,0001F1100000000G4IGO,120mm*19.8mm*3400Pa(10000CU),NC372009081514514929,480,0,(null),0,10,(null),(null),1002,0001A810000000000PGM
1001N1100000000IY57S,1001N1100000000IY57T,0001F11000000000FYR1,3.9Y31000,NC092009081514514917,43000,500,NC122009081514514958,86,10,珠纤,(null),1002,0001A810000000000P78
1001N1100000000IY57S,1001N1100000000IY57U,0001F11000000000FYRJ,3.0Y35000,NC092009081514514917,56000,1,NC122009081514514958,56000,20,南纤,(null),1002,0001A810000000000P78
1001N1100000000IYQ6J,1001N1100000000IYQ6K,0001F11000000000FYR1,3.9Y31000,NC092009081514514917,310000,500,NC122009081514514958,620,10,珠纤,(null),1002,0001A810000000000P78
1001N1100000000IYQ6J,1001N1100000000IYQ6L,0001F11000000000FYRD,3.0Y32000,NC092009081514514917,147000,500,NC122009081514514958,294,20,南纤,(null),1002,0001A810000000000P78
1001N1100000000IYNU4,1001N1100000000IYNU5,0001F11000000000FYR1,3.9Y31000,NC092009081514514917,100000,500,NC122009081514514958,200,10,珠纤,(null),1003,0001A810000000000P78
1001N1100000000IYNU4,1001N1100000000IYNU6,0001F11000000000FYRD,3.0Y32000,NC092009081514514917,220000,500,NC122009081514514958,440,20,南纤,(null),1003,0001A810000000000P78
1001N1100000000IZ3N3,1001N1100000000IZ3N4,0001F11000000000FYRP,2.7Y35000,NC092009081514514917,198150,500,NC122009081514514958,396.3,10,2013NGEQ/912164US 198.15MT,(null),1003,0001F1100000000A7WF6
1001N1100000000J05P3,1001N1100000000J05P4,0001F11000000003676U,26.5g*26.5mm*5500m,NC092009081514514917,25224.2,3.86222631,NC152009081514515029,6530.999992,10,(null),(null),1002,0001A81000000000147H
1001N1100000000J0IV1,1001N1100000000J0IV2,0001F11000000000LWP5,26.5g*53.0mm*5000m,NC092009081514514917,28314.72,7.0225,NC152009081514515029,4032,10,(null),(null),1003,0001A8100000000012V3
1001N1100000000J0SR1,1001N1100000000J0SR2,0001F11000000009DM8Y,26.5g*53.0mm*5000m,NC092009081514514917,6067.44,7.0225,NC152009081514515029,864,10,(null),(null),1002,0001A8100000000011QZ
1001N1100000000J0SR1,1001N1100000000J0SR3,0001F11000000006AH3B,29.0g*26.5mm*5000m,NC092009081514514917,10759,3.8425,NC152009081514515029,2800,20,(null),(null),1002,0001A8100000000011QZ
1001N1100000000J0SR1,1001N1100000000J0SR4,0001F11000000001F0K1,32.0g*26.5mm*4000m,NC092009081514514917,10447.36,3.392,NC152009081514515029,3080,30,(null),(null),1002,0001A8100000000011QZ
1001N1100000000J0SR1,1001N1100000000J0SR5,0001F11000000009DM8I,26.5g*26.5mm*5000m,NC092009081514514917,4915.75,3.51125,NC152009081514515029,1400,40,(null),(null),1002,0001A8100000000011QZ
1001N1100000000J0SR1,1001N1100000000J0SR6,0001F11000000002V8Y9,26.5g*26.5mm*5000m,NC092009081514514917,15730.4,3.51125,NC152009081514515029,4480,50,(null),(null),1002,0001A8100000000011QZ
1001N1100000000J0SR1,1001N1100000000J0SR7,0001F11000000007185W,26.5g*26.5mm*5000m,NC092009081514514917,17977.6,3.51125,NC152009081514515029,5120,60,(null),(null),1002,0001A810000000000WBJ
1001N1100000000J0SR1,1001N1100000000J0SR8,0001F11000000001UZGT,27.0g*53.0mm*5000m,NC092009081514514917,18316.8,7.155,NC152009081514515029,2560,70,(null),(null),1002,0001A810000000000WBJ
1001N1100000000J0SR1,1001N1100000000J0SR9,0001F11000000001UZGT,27.0g*53.0mm*5000m,NC092009081514514917,18316.8,7.155,NC152009081514515029,2560,80,(null),(null),1002,0001A810000000000WBJ
1001N1100000000J0IV3,1001N1100000000J0IV4,0001F11000000000FZ81,28.0g*26.5mm*4000m,NC092009081514514917,17095.68,2.968,NC152009081514515029,5760,10,(null),(null),1002,0001A810000000000WBJ
1001N1100000000J0SUC,1001N1100000000J0SUD,0001F110000000036776,32.0g*26.5mm*4000m,NC092009081514514917,474.88,3.392,NC152009081514515029,140,10,(null),(null),1003,0001A81000000000147H
1001N1100000000J0SUC,1001N1100000000J0SUE,0001F11000000001F0K1,32.0g*26.5mm*4000m,NC092009081514514917,7598.08,3.392,NC152009081514515029,2240,20,(null),(null),1003,0001A8100000000011QZ
1001N1100000000J0SUC,1001N1100000000J0SUF,0001F11000000002F63R,32.0g*53.0mm*4000m,NC092009081514514917,24313.856,6.784,NC152009081514515029,3584,30,(null),(null),1003,0001A8100000000011QZ
1001N1100000000J0SUC,1001N1100000000J0SUG,0001F11000000002V8Y9,26.5g*26.5mm*5000m,NC092009081514514917,44241.75,3.51125,NC152009081514515029,12600,40,(null),(null),1003,0001A8100000000011QZ
1001N1100000000J0SUH,1001N1100000000J0SUI,0001F11000000000FZ81,28.0g*26.5mm*4000m,NC092009081514514917,34310.08,2.968,NC152009081514515029,11560,10,(null),(null),1003,0001A810000000000WBJ
1001N1100000000J0SUH,1001N1100000000J0SUJ,0001F11000000000LWOP,28.0g*26.5mm*5000m,NC092009081514514917,16145.92,3.71,NC152009081514515029,4352,20,(null),(null),1003,0001A810000000000WBJ
1001N1100000000J0IV5,1001N1100000000J0IV6,0001F11000000000FZFN,26.5g*26.5mm*5000m,NC092009081514514917,19663,3.51125,NC152009081514515029,5600,10,(null),(null),1002,0001A8100000000012V3
1001N1100000000J0IV5,1001N1100000000J0IV7,0001F11000000000FZ7R,26.0g*26.5mm*4000m,NC092009081514514917,771.68,2.756,NC152009081514515029,280,20,(null),(null),1002,0001A8100000000012V3
1001N1100000000J0IV5,1001N1100000000J0IV8,0001F11000000000FYEV,30.0g*27.0mm*5000m,NC092009081514514917,4744,4.05,NC152009081514515029,1171.358025,30,(null),(null),1002,0001A8100000000012V3
1001N1100000000J0IV5,1001N1100000000J0IV9,0001F11000000000FYEV,30.0g*27.0mm*5000m,NC092009081514514917,3194,4.05,NC152009081514515029,788.641975,40,1308,(null),1002,0001A8100000000012V3
1001N1100000000J0IV5,1001N1100000000J0IVA,0001F110000000071868,27.0g*26.5mm*5500m,NC092009081514514917,14324.31,3.93525,NC152009081514515029,3640,50,1309,(null),1002,0001A8100000000012V3
1001N1100000000J0JVT,1001N1100000000J0JVU,0001F11000000000FZ81,28.0g*26.5mm*4000m,NC092009081514514917,14958.72,2.968,NC152009081514515029,5040,10,(null),(null),1002,0001A8100000000011QZ
1001N1100000000J0OL4,1001N1100000000J0OL5,0001F11000000000FZ81,28.0g*26.5mm*4000m,NC092009081514514917,16145.92,2.968,NC152009081514515029,5440,10,(null),(null),1003,0001A8100000000011QZ
1001N1100000000J0OL4,1001N1100000000J0OL6,0001F11000000000FZ81,28.0g*26.5mm*4000m,NC092009081514514917,8072.96,2.968,NC152009081514515029,2720,20,(null),(null),1003,0001A8100000000011QZ
1001N1100000000J28H5,1001N1100000000J28H6,0001F11000000003676U,26.5g*26.5mm*5500m,NC092009081514514917,32443.95,3.862375,NC152009081514515029,8400,10,1309,(null),1002,0001A81000000000147H
1001N1100000000J2669,1001N1100000000J266A,0001F11000000000FYEV,30.0g*27.0mm*5000m,NC092009081514514917,1134,4.05,NC152009081514515029,280,10,1308-1309,(null),1002,0001A8100000000012V3
1001N1100000000J2A24,1001N1100000000J2A25,0001F11000000004DQ8C,27.0g*26.5mm*5000m,NC092009081514514917,398.85,3.5775,NC152009081514515029,111.48847,10,1308,(null),1002,0001A8100000000011QZ
1001N1100000000J2A26,1001N1100000000J2A27,0001F11000000004DQ8C,27.0g*26.5mm*5000m,NC092009081514514917,9618.15,3.5775,NC152009081514515029,2688.51153,10,1308,(null),1002,0001A8100000000011QZ
1001N1100000000J268F,1001N1100000000J268G,0001F11000000002V8Y9,26.5g*26.5mm*5000m,NC092009081514514917,18679.85,3.51125,NC152009081514515029,5320,10,(null),(null),1003,0001A8100000000011QZ
1001N1100000000J27SO,1001N1100000000J27SP,0001F1100000000G4IHL,25.0g*26.5mm*5500m,NC092009081514514917,546.5625,3.64375,NC152009081514515029,150,10,(null),(null),1003,0001A8100000000011QZ
1001N1100000000J24NZ,1001N1100000000J24O0,0001F1100000000G6M4H,26.5g*26.5mm*5000m,NC092009081514514917,31460.8,3.51125,NC152009081514515029,8960,10,(null),(null),1003,0001A810000000000WBJ
1001N1100000000J28K2,1001N1100000000J28K3,0001F11000000007185I,27.0g*26.5mm*5000m,NC092009081514514917,2504.25,3.5775,NC152009081514515029,700,10,(null),(null),1003,0001F11000000003746Y
1001N1100000000J268N,1001N1100000000J268O,0001F1100000000G6M44,26.5g*26.5mm*5000m,NC092009081514514917,29002.925,3.51125,NC152009081514515029,8260,10,(null),(null),1003,0001F11000000003746Y
1001N1100000000J2Q9R,1001N1100000000J2Q9S,0001F1100000000BUTCJ,120mm*22.1mm*3200Pa,NC372009081514514929,375,0,(null),0,10,(null),(null),1002,0001A810000000000PGM
1001N1100000000J2Q9R,1001N1100000000J2Q9T,0001F1100000000G4IGO,120mm*19.8mm*3400Pa(10000CU),NC372009081514514929,1620,0,(null),0,20,(null),(null),1002,0001A810000000000PGM
1001N1100000000J2KE6,1001N1100000000J2KE7,0001F11000000000KVMV,(null),NC092009081514514917,16590,0,(null),0,20,LP20130620,(null),1003,0001A810000000000XNF
1001N1100000000J2KE6,1001N1100000000J2KE8,0001F11000000000KVOE,(null),NC092009081514514917,1400,0,(null),0,30,LP20130620,(null),1003,0001A810000000000XNF
1001N1100000000J2KE6,1001N1100000000J2KE9,0001F11000000000KVOE,(null),NC092009081514514917,600,0,(null),0,10,LP20130620,(null),1003,0001A810000000000XNF
1001N1100000000J2LZQ,1001N1100000000J2LZR,0001F11000000000FYS1,3.0Y35000,NC092009081514514917,99998.6,1,NC122009081514514958,99998.6,10,2013NGEQ/912126US 99.9986MT,(null),1002,0001F1100000000A7WEW
1001N1100000000J2TDL,1001N1100000000J2TDM,0001F11000000000FYS1,3.0Y35000,NC092009081514514917,99049,1,NC122009081514514958,99049,10,2013NGEQ/912166US 99.049MT,(null),1002,0001F1100000000A7WF6
1001N1100000000J2QBA,1001N1100000000J2QBB,0001F11000000000FYSD,3.0Y32000,NC092009081514514917,197423,500,NC122009081514514958,394.846,10,2013NGEQ/912164US 197.423MT,(null),1003,0001A810000000000P74
1001N1100000000J38T3,1001N1100000000J38T4,0001F11000000000GC3A,1.6mm*10000m,0001F11000000000N31D,466,1,NC152009081514515029,466,10,LP20130104 466ROLLS,(null),1003,0001A810000000000X4F
1001N1100000000J6UHZ,1001N1100000000J6UI0,0001F11000000000FYRJ,3.0Y35000,NC092009081514514917,144000,1,NC122009081514514958,144000,10,南纤,(null),1002,0001A810000000000P78
1001N1100000000J6X1X,1001N1100000000J6X1Y,0001F11000000000FYR1,3.9Y31000,NC092009081514514917,100000,500,NC122009081514514958,200,10,珠纤,(null),1003,0001A810000000000P78
1001N1100000000J70GN,1001N1100000000J70GO,0001F11000000000FYR1,3.9Y31000,NC092009081514514917,175000,500,NC122009081514514958,350,10,珠纤,(null),1003,0001A810000000000P78
1001N1100000000J8OQL,1001N1100000000J8OQM,0001F11000000000LWP5,26.5g*53.0mm*5000m,NC092009081514514917,28314.72,7.0225,NC152009081514515029,4032,10,(null),(null),1003,0001A8100000000012V3
1001N1100000000JDQV9,1001N1100000000JDQVA,0001F1100000000G6M44,26.5g*26.5mm*5000m,NC092009081514514917,15730.4,3.51125,NC152009081514515029,4480,10,1309,(null),1002,0001F11000000003746Y
1001N1100000000JEYN0,1001N1100000000JEYN1,0001F11000000000FYRD,3.0Y32000,NC092009081514514917,100000,500,NC122009081514514958,200,10,南纤,(null),1003,0001A810000000000P78
1001N1100000000JF95L,1001N1100000000JF95M,0001F11000000003676U,26.5g*26.5mm*5500m,NC092009081514514917,7219.75,3.862375,NC152009081514515029,1869.251432,10,1308,(null),1002,0001A81000000000147H
1001N1100000000JF5YI,1001N1100000000JF5YJ,0001F11000000000FYEV,30.0g*27.0mm*5000m,NC092009081514514917,15672,4.05,NC152009081514515029,3869.62963,10,1308-1309,(null),1002,0001A8100000000012V3
1001N1100000000JIF4H,1001N1100000000JIF4I,0001F11000000000FZ81,28.0g*26.5mm*4000m,NC092009081514514917,24218.88,2.968,NC152009081514515029,8160,10,(null),(null),1003,0001A8100000000011QZ
1001N1100000000JIPMF,1001N1100000000JIPMG,0001F11000000000FYEV,30.0g*27.0mm*5000m,NC092009081514514917,5670,4.05,NC152009081514515029,1400,10,(null),(null),1002,0001A8100000000012V3
1001N1100000000JIPMF,1001N1100000000JIPMH,0001F110000000071868,27.0g*26.5mm*5500m,NC092009081514514917,5509.35,3.93525,NC152009081514515029,1400,20,(null),(null),1002,0001A8100000000012V3
1001N1100000000JIPMF,1001N1100000000JIPMI,0001F11000000002ZOWM,25.0g*26.5mm*4000m,NC092009081514514917,1484,2.65,NC152009081514515029,560,30,(null),(null),1002,0001A8100000000012V3
1001N1100000000JIPMF,1001N1100000000JIPMJ,0001F11000000000FZ7R,26.0g*26.5mm*4000m,NC092009081514514917,2315.04,2.756,NC152009081514515029,840,40,(null),(null),1002,0001A8100000000012V3
1001N1100000000JIPMF,1001N1100000000JIPMK,0001F11000000000NCVC,30.0g*22.0mm*5000m,NC092009081514514917,2772,3.3,NC152009081514515029,840,50,1309,(null),1002,0001A8100000000012V3
1001N1100000000JIPMF,1001N1100000000JIPML,0001F11000000000FYEV,30.0g*27.0mm*5000m,NC092009081514514917,204,4.05,NC152009081514515029,50.37037,60,1309,(null),1002,0001A8100000000012V3
1001N1100000000JJHWI,1001N1100000000JJHWJ,0001F11000000000FYRJ,3.0Y35000,NC092009081514514917,220000,1,NC122009081514514958,220000,10,南纤,(null),1002,0001A810000000000P78
1001N1100000000JJKL1,1001N1100000000JJKL2,0001F11000000000FYR1,3.9Y31000,NC092009081514514917,100000,500,NC122009081514514958,200,10,珠纤,(null),1002,0001A810000000000P78
1001N1100000000JML2B,1001N1100000000JML2C,0001F11000000000FYRD,3.0Y32000,NC092009081514514917,210000,500,NC122009081514514958,420,10,南纤,(null),1003,0001A810000000000P78
1001N1100000000JML2B,1001N1100000000JML2D,0001F11000000000FYR1,3.9Y31000,NC092009081514514917,200000,500,NC122009081514514958,400,20,珠纤,(null),1003,0001A810000000000P78
1001N1100000000JN68Y,1001N1100000000JN68Z,0001F11000000007DQ31,25.0g*26.5mm*5500m,NC092009081514514917,1020.25,3.64375,NC152009081514515029,280,10,(null),(null),1003,0001A8100000000012V3
1001N1100000000JN68Y,1001N1100000000JN690,0001F11000000002C5YS,25.0g*27.0mm*5500m,NC092009081514514917,5717.25,3.7125,NC152009081514515029,1540,20,(null),(null),1003,0001A8100000000012V3
1001N1100000000JN68Y,1001N1100000000JN691,0001F11000000000LWP5,26.5g*53.0mm*5000m,NC092009081514514917,15674.22,7.0225,NC152009081514515029,2232,30,(null),(null),1003,0001A8100000000012V3
1001N1100000000JN68Y,1001N1100000000JN692,0001F11000000007DQ2C,25.5g*26.25mm*4000m,NC092009081514514917,1542.24,2.6775,NC152009081514515029,576,40,(null),(null),1003,0001A8100000000012V3
1001N1100000000JN68Y,1001N1100000000JN693,0001F11000000002C5Z2,23.5g*26.25mm*5000m,NC092009081514514917,3454.5,3.084375,NC152009081514515029,1120,50,(null),(null),1003,0001A8100000000012V3
1001N1100000000JMODR,1001N1100000000JMODS,0001F11000000007185I,27.0g*26.5mm*5000m,NC092009081514514917,6511.05,3.5775,NC152009081514515029,1820,10,(null),(null),1003,0001F11000000003746Y
1001N1100000000JMODR,1001N1100000000JMODT,0001F1100000000G6M44,26.5g*26.5mm*5000m,NC092009081514514917,21137.725,3.51125,NC152009081514515029,6020,20,(null),(null),1003,0001F11000000003746Y
1001N1100000000JMQC3,1001N1100000000JMQC4,0001F1100000000G6M4H,26.5g*26.5mm*5000m,NC092009081514514917,47191.2,3.51125,NC152009081514515029,13440,10,(null),(null),1003,0001A810000000000WBJ
1001N1100000000JMQC3,1001N1100000000JMQC5,0001F11000000002V8Y9,26.5g*26.5mm*5000m,NC092009081514514917,54073.25,3.51125,NC152009081514515029,15400,20,(null),(null),1003,0001A8100000000011QZ
1001N1100000000JMQC3,1001N1100000000JMQC6,0001F11000000001F0K1,32.0g*26.5mm*4000m,NC092009081514514917,4748.8,3.392,NC152009081514515029,1400,30,(null),(null),1003,0001A8100000000011QZ
1001N1100000000JMQC3,1001N1100000000JMQC7,0001F11000000002F63R,32.0g*53.0mm*4000m,NC092009081514514917,15630.336,6.784,NC152009081514515029,2304,40,(null),(null),1003,0001A8100000000011QZ
1001N1100000000JMVVU,1001N1100000000JMVVV,0001F11000000000FZ81,28.0g*26.5mm*4000m,NC092009081514514917,11302.144,2.968,NC152009081514515029,3808,10,(null),(null),1003,0001A810000000000WBJ
1001N1100000000JMVVU,1001N1100000000JMVVW,0001F11000000000LWOP,28.0g*26.5mm*5000m,NC092009081514514917,28448.28,3.71,NC152009081514515029,7668,20,(null),(null),1003,0001A810000000000WBJ
1001N1100000000JMVVU,1001N1100000000JMVVX,0001F11000000000LWOP,28.0g*26.5mm*5000m,NC092009081514514917,3843.56,3.71,NC152009081514515029,1036,30,(null),(null),1003,0001A810000000000WBJ
1001N1100000000JNTJ2,1001N1100000000JNTJ3,0001F11000000000FYR1,3.9Y31000,NC092009081514514917,200000,500,NC122009081514514958,400,10,珠纤,(null),1002,0001A810000000000P78
1001N1100000000JNTJ2,1001N1100000000JNTJ4,0001F11000000000FYRJ,3.0Y35000,NC092009081514514917,200000,1,NC122009081514514958,200000,20,南纤,(null),1002,0001A810000000000P78
1001N1100000000JNCW0,1001N1100000000JNCW1,0001F11000000007185W,26.5g*26.5mm*5000m,NC092009081514514917,5618,3.51125,NC152009081514515029,1600,10,1310,(null),1002,0001A810000000000WBJ
1001N1100000000JNCW0,1001N1100000000JNCW2,0001F11000000001UZGT,27.0g*53.0mm*5000m,NC092009081514514917,18316.8,7.155,NC152009081514515029,2560,20,1310,(null),1002,0001A810000000000WBJ
1001N1100000000JNCW0,1001N1100000000JNCW3,0001F11000000001UZGT,27.0g*53.0mm*5000m,NC092009081514514917,18316.8,7.155,NC152009081514515029,2560,30,1310,(null),1002,0001A810000000000WBJ
1001N1100000000JNCW0,1001N1100000000JNCW4,0001F11000000003676U,26.5g*26.5mm*5500m,NC092009081514514917,32443.95,3.862375,NC152009081514515029,8400,40,(null),(null),1002,0001A81000000000147H
1001N1100000000JNWU3,1001N1100000000JNWU4,0001F11000000000FZ81,28.0g*26.5mm*4000m,NC092009081514514917,10447.36,2.968,NC152009081514515029,3520,10,1310,(null),1002,0001A810000000000WBJ
1001N1100000000JNO48,1001N1100000000JNO49,0001F1100000000G6M44,26.5g*26.5mm*5000m,NC092009081514514917,15730.4,3.51125,NC152009081514515029,4480,10,1310,(null),1002,0001F11000000003746Y
1001N1100000000JNWU5,1001N1100000000JNWU6,0001F11000000000FYEV,30.0g*27.0mm*5000m,NC092009081514514917,11340,4.05,NC152009081514515029,2800,10,1310,(null),1002,0001A8100000000012V3
1001N1100000000JNWU5,1001N1100000000JNWU7,0001F110000000071868,27.0g*26.5mm*5500m,NC092009081514514917,5509.35,3.93525,NC152009081514515029,1400,20,1310,(null),1002,0001A8100000000012V3
1001N1100000000JNWU5,1001N1100000000JNWU8,0001F11000000002ZOWM,25.0g*26.5mm*4000m,NC092009081514514917,10803.52,2.65,NC152009081514515029,4076.8,30,1310,(null),1002,0001A8100000000012V3
1001N1100000000JOLJD,1001N1100000000JOLJE,0001F11000000002ZOWM,25.0g*26.5mm*4000m,NC092009081514514917,8162,2.65,NC152009081514515029,3080,10,1309,(null),1002,0001A8100000000012V3
1001N1100000000JOLOL,1001N1100000000JOLOM,0001F11000000000FYR1,3.9Y31000,NC092009081514514917,100000,500,NC122009081514514958,200,10,珠纤,(null),1003,0001A810000000000P78
1001N1100000000JQSW0,1001N1100000000JQSW1,0001F11000000001UZGT,27.0g*53.0mm*5000m,NC092009081514514917,11448,7.155,NC152009081514515029,1600,10,1309,(null),1002,0001A810000000000WBJ
1001N1100000000JQSW0,1001N1100000000JQSW2,0001F1100000000G6M4H,26.5g*26.5mm*5000m,NC092009081514514917,24719.2,3.51125,NC152009081514515029,7040,20,1310,(null),1002,0001A810000000000WBJ
1001N1100000000JXRKA,1001N1100000000JXRKB,0001F11000000000FZ81,28.0g*26.5mm*4000m,NC092009081514514917,14958.72,2.968,NC152009081514515029,5040,10,1310,(null),1002,0001A8100000000011QZ
1001N1100000000JXRKA,1001N1100000000JXRKC,0001F11000000000FZ81,28.0g*26.5mm*4000m,NC092009081514514917,14958.72,2.968,NC152009081514515029,5040,20,1310,(null),1002,0001A8100000000011QZ
1001N1100000000JSNAW,1001N1100000000JSNAX,0001F11000000000LWP5,26.5g*53.0mm*5000m,NC092009081514514917,28314.72,7.0225,NC152009081514515029,4032,10,(null),(null),1003,0001A8100000000012V3
1001N1100000000JSF61,1001N1100000000JSF62,0001F1100000000G6M4H,26.5g*26.5mm*5000m,NC092009081514514917,11797.8,3.51125,NC152009081514515029,3360,10,(null),(null),1003,0001A810000000000WBJ
1001N1100000000JSF61,1001N1100000000JSF63,0001F11000000001F0K1,32.0g*26.5mm*4000m,NC092009081514514917,5698.56,3.392,NC152009081514515029,1680,20,(null),(null),1003,0001A8100000000011QZ
1001N1100000000JVTEB,1001N1100000000JVTEC,0001F11000000003676U,26.5g*26.5mm*5500m,NC092009081514514917,27892.35,3.862375,NC152009081514515029,7221.554096,10,1310,(null),1002,0001A81000000000147H
1001N1100000000JVTEB,1001N1100000000JVTED,0001F1100000000CPHGR,26.5g*53.0mm*5500m,NC092009081514514917,10000,7.72475,NC152009081514515029,1294.540276,20,1310,(null),1002,0001A81000000000147H
1001N1100000000JXRK7,1001N1100000000JXRK8,0001F11000000006AH3B,29.0g*26.5mm*5000m,NC092009081514514917,5379.5,3.8425,NC152009081514515029,1400,10,1310,(null),1002,0001A8100000000011QZ
1001N1100000000JXRK7,1001N1100000000JXRK9,0001F11000000009DM8Y,26.5g*53.0mm*5000m,NC092009081514514917,11123.64,7.0225,NC152009081514515029,1584,20,1310,(null),1002,0001A8100000000011QZ
1001N1100000000JX9JK,1001N1100000000JX9JL,0001F11000000000FZ81,28.0g*26.5mm*4000m,NC092009081514514917,5817.28,2.968,NC152009081514515029,1960,10,1310,(null),1002,0001A8100000000011QZ
1001N1100000000JX1QK,1001N1100000000JX1QL,0001F11000000009DM8Y,26.5g*53.0mm*5000m,NC092009081514514917,9101.16,7.0225,NC152009081514515029,1296,10,1310,(null),1002,0001A8100000000011QZ
1001N1100000000JX1QK,1001N1100000000JX1QM,0001F11000000003676U,26.5g*26.5mm*5500m,NC092009081514514917,4551.6,3.86237501,NC152009081514515029,1178.445901,20,1310,(null),1002,0001A81000000000147H
1001N1100000000JX1QK,1001N1100000000JX1QN,0001F1100000000CPHGR,26.5g*53.0mm*5500m,NC092009081514514917,6685.46,7.72475,NC152009081514515029,865.459724,30,(null),(null),1002,0001A81000000000147H
1001N1100000000JXTVB,1001N1100000000JXTVC,0001F1100000000G4IGO,120mm*19.8mm*3400Pa(10000CU),NC372009081514514929,180,0,(null),0,20,(null),(null),1002,0001A810000000000PGM
1001N1100000000JXTVB,1001N1100000000JXTVD,0001F11000000001K3OM,108mm*24.1mm*3100Pa(10000CU),NC372009081514514929,140,0,(null),0,30,(null),(null),1002,0001A810000000000PGM
1001N1100000000JXTVB,1001N1100000000JXTVE,0001F1100000000BUTCJ,120mm*22.1mm*3200Pa,NC372009081514514929,500,0,(null),0,40,(null),(null),1002,0001A810000000000PGM
1001N1100000000JYAWJ,1001N1100000000JYAWK,0001F11000000000FYSD,3.0Y32000,NC092009081514514917,199571,500,NC122009081514514958,399.142,10,2013NGEQ/912164US 199.571MT,(null),1003,0001F1100000000A7WF6
1001N1100000000JYENQ,1001N1100000000JYENR,0001F11000000000FYS1,3.0Y35000,NC092009081514514917,99970,1,NC122009081514514958,99970,10,2013NGEQ/912126US 99.97MT,(null),1002,0001F1100000000A7WEW
1001N1100000000JYD4V,1001N1100000000JYD4W,0001F11000000000FYS1,3.0Y35000,NC092009081514514917,98432,1,NC122009081514514958,98432,10,2013NGEQ/912167US 98.432MT,(null),1002,0001F1100000000A7WF6
1001N1100000000JYG7J,1001N1100000000JYG7K,0001F11000000000FYSD,3.0Y32000,NC092009081514514917,99010,500,NC122009081514514958,198.02,10,2013NGEQ/912165US 99.01MT,(null),1002,0001F1100000000A7WF6
1001N1100000000K389W,1001N1100000000K389X,0001F1100000000F5DJU,120mm*22.1mm*4000Pa,NC372009081514514929,14.6,0,(null),0,10,(null),(null),1002,0001A810000000000PGM
1001N1100000000K4O41,1001N1100000000K4O42,0001F11000000000LWP5,26.5g*53.0mm*5000m,NC092009081514514917,38427.12,7.0225,NC152009081514515029,5472,10,(null),(null),1003,0001A8100000000012V3
1001N1100000000K4O41,1001N1100000000K4O43,0001F1100000000ALPZB,27.0g*26.5mm*5000m,NC092009081514514917,1001.7,3.5775,NC152009081514515029,280,20,(null),(null),1003,0001A8100000000012V3
1001N1100000000K4O41,1001N1100000000K4O44,0001F11000000000FZ7R,26.0g*26.5mm*4000m,NC092009081514514917,13118.56,2.756,NC152009081514515029,4760,30,(null),(null),1003,0001A8100000000012V3
1001N1100000000K4O45,1001N1100000000K4O46,0001F11000000007185I,27.0g*26.5mm*5000m,NC092009081514514917,25042.5,3.5775,NC152009081514515029,7000,10,(null),(null),1003,0001F11000000003746Y
1001N1100000000K4H30,1001N1100000000K4H31,0001F1100000000G6M4H,26.5g*26.5mm*5000m,NC092009081514514917,34828.08875,3.51125,NC152009081514515029,9919,10,(null),(null),1003,0001A810000000000WBJ
1001N1100000000K4H30,1001N1100000000K4H32,0001F11000000001F0K1,32.0g*26.5mm*4000m,NC092009081514514917,6173.44,3.392,NC152009081514515029,1820,20,(null),(null),1003,0001A8100000000011QZ
1001N1100000000K4H30,1001N1100000000K4H33,0001F11000000002F63R,32.0g*53.0mm*4000m,NC092009081514514917,15630.336,6.784,NC152009081514515029,2304,30,(null),(null),1003,0001A8100000000011QZ
1001N1100000000K4H30,1001N1100000000K4H34,0001F11000000002V8Y9,26.5g*26.5mm*5000m,NC092009081514514917,15730.4,3.51125,NC152009081514515029,4480,40,(null),(null),1003,0001A8100000000011QZ
1001N1100000000K4H30,1001N1100000000K4H35,0001F110000000036776,32.0g*26.5mm*4000m,NC092009081514514917,1424.64,3.392,NC152009081514515029,420,50,(null),(null),1003,0001A81000000000147H
1001N1100000000K4HVV,1001N1100000000K4HVW,0001F11000000000FZ81,28.0g*26.5mm*4000m,NC092009081514514917,37135.616,2.968,NC152009081514515029,12512,10,(null),(null),1003,0001A810000000000WBJ
1001N1100000000K4HVV,1001N1100000000K4HVX,0001F11000000000LWOP,28.0g*26.5mm*5000m,NC092009081514514917,32291.84,3.71,NC152009081514515029,8704,20,(null),(null),1003,0001A810000000000WBJ
1001N1100000000K4HVY,1001N1100000000K4HVZ,0001F11000000000FZ81,28.0g*26.5mm*4000m,NC092009081514514917,13629.056,2.968,NC152009081514515029,4592,10,(null),(null),1003,0001A8100000000011QZ
1001N1100000000K4HVY,1001N1100000000K4HW0,0001F11000000000FZ81,28.0g*26.5mm*4000m,NC092009081514514917,902.272,2.968,NC152009081514515029,304,20,(null),(null),1003,0001A8100000000011QZ
1001N1100000000K4QGF,1001N1100000000K4QGG,0001F1100000000G6M44,26.5g*26.5mm*5000m,NC092009081514514917,2949.45,3.51125,NC152009081514515029,840,10,(null),(null),1003,0001F11000000003746Y
1001N1100000000K5BX1,1001N1100000000K5BX2,0001F11000000009DM8Y,26.5g*53.0mm*5000m,NC092009081514514917,5168.24,7.0225,NC152009081514515029,735.954432,10,1311,(null),1002,0001A8100000000011QZ
1001N1100000000K5BX1,1001N1100000000K5BX3,0001F11000000001F0K1,32.0g*26.5mm*4000m,NC092009081514514917,15196.16,3.392,NC152009081514515029,4480,20,1311,(null),1002,0001A8100000000011QZ
1001N1100000000K5BX1,1001N1100000000K5BX4,0001F11000000006AH3B,29.0g*26.5mm*5000m,NC092009081514514917,7146.2,3.8425,NC152009081514515029,1859.77879,30,1311,(null),1002,0001A8100000000011QZ
1001N1100000000K5BX1,1001N1100000000K5BX5,0001F1100000000CPHGR,26.5g*53.0mm*5500m,NC092009081514514917,22247.28,7.72475,NC152009081514515029,2880,40,1310,(null),1002,0001A81000000000147H
1001N1100000000K5BX1,1001N1100000000K5BX6,0001F11000000003676U,26.5g*26.5mm*5500m,NC092009081514514917,32443.95,3.862375,NC152009081514515029,8400,50,1311,(null),1002,0001A81000000000147H
1001N1100000000K5BX1,1001N1100000000K5BX7,0001F11000000007185W,26.5g*26.5mm*5000m,NC092009081514514917,10112.4,3.51125,NC152009081514515029,2880,60,1311,(null),1002,0001A810000000000WBJ
1001N1100000000K5BX1,1001N1100000000K5BX8,0001F11000000001UZGT,27.0g*53.0mm*5000m,NC092009081514514917,18316.8,7.155,NC152009081514515029,2560,70,1311,(null),1002,0001A810000000000WBJ
1001N1100000000K5CO2,1001N1100000000K5CO3,0001F11000000000FZ81,28.0g*26.5mm*4000m,NC092009081514514917,17095.68,2.968,NC152009081514515029,5760,10,1311,(null),1002,0001A810000000000WBJ
1001N1100000000K54NZ,1001N1100000000K54O0,0001F11000000002ZOWM,25.0g*26.5mm*4000m,NC092009081514514917,7420,2.65,NC152009081514515029,2800,10,1311,(null),1002,0001A81000000000147H
1001N1100000000K54O2,1001N1100000000K54O3,0001F11000000004DQ8C,27.0g*26.5mm*5000m,NC092009081514514917,5008.5,3.5775,NC152009081514515029,1400,10,1311,(null),1002,0001A8100000000011QZ
1001N1100000000K54O2,1001N1100000000K54O4,0001F11000000000FZ81,28.0g*26.5mm*4000m,NC092009081514514917,13631.168,2.968,NC152009081514515029,4592.71159,20,1311,(null),1002,0001A8100000000011QZ
1001N1100000000K5823,1001N1100000000K5824,0001F110000000071868,27.0g*26.5mm*5500m,NC092009081514514917,5509.35,3.93525,NC152009081514515029,1400,10,1311,(null),1002,0001A8100000000012V3
1001N1100000000K5823,1001N1100000000K5825,0001F11000000000FYEV,30.0g*27.0mm*5000m,NC092009081514514917,11340,4.05,NC152009081514515029,2800,20,(null),(null),1002,0001A8100000000012V3
1001N1100000000K5823,1001N1100000000K5826,0001F11000000002ZOWM,25.0g*26.5mm*4000m,NC092009081514514917,6996,2.65,NC152009081514515029,2640,30,(null),(null),1002,0001A8100000000012V3
1001N1100000000K581G,1001N1100000000K581H,0001F1100000000H24EG,144mm*24.1mm*4200Pa(6000CU),NC372009081514514929,78,0,(null),0,10,(null),(null),1002,0001A810000000000PGM
1001N1100000000K5P7J,1001N1100000000K5P7K,0001F1100000000G6M44,26.5g*26.5mm*5000m,NC092009081514514917,15449.1,3.51125,NC152009081514515029,4399.88608,10,201311,(null),1002,0001F11000000003746Y
1001N1100000000K61SG,1001N1100000000K61SH,0001F11000000000FYRJ,3.0Y35000,NC092009081514514917,235000,1,NC122009081514514958,235000,10,南纤,(null),1002,0001A810000000000P78
1001N1100000000K61SG,1001N1100000000K61SI,0001F11000000000FYR1,3.9Y31000,NC092009081514514917,200000,500,NC122009081514514958,400,20,珠纤,(null),1002,0001A810000000000P78
1001N1100000000K61SG,1001N1100000000K61SJ,0001F11000000000FYRD,3.0Y32000,NC092009081514514917,200000,500,NC122009081514514958,400,30,南纤,(null),1002,0001A810000000000P78
1001N1100000000K61VO,1001N1100000000K61VP,0001F11000000009DM8Y,26.5g*53.0mm*5000m,NC092009081514514917,11011.6,7.0225,NC152009081514515029,1568.045568,10,1311,(null),1002,0001A8100000000011QZ
1001N1100000000K6026,1001N1100000000K6027,0001F11000000000FZ81,28.0g*26.5mm*4000m,NC092009081514514917,16286.272,3.2030206,NC152009081514515029,5084.660398,10,1311,(null),1002,0001A8100000000011QZ
1001N1100000000K6SDS,1001N1100000000K6SDT,0001F11000000000FYRD,3.0Y32000,NC092009081514514917,100000,500,NC122009081514514958,200,10,珠纤,(null),1003,0001A810000000000P78
1001N1100000000K99YR,1001N1100000000K99YS,0001F11000000000FYRD,3.0Y32000,NC092009081514514917,100000,500,NC122009081514514958,200,10,珠纤,(null),1003,0001A810000000000P78
1001N1100000000K9X11,1001N1100000000K9X12,0001F1100000000G6M4H,26.5g*26.5mm*5000m,NC092009081514514917,12363.11125,3.51125,NC152009081514515029,3521,10,(null),(null),1003,0001A810000000000WBJ
1001N1100000000K9X11,1001N1100000000K9X13,0001F1100000000G6M4H,26.5g*26.5mm*5000m,NC092009081514514917,47191.2,3.51125,NC152009081514515029,13440,20,(null),(null),1003,0001A810000000000WBJ
1001N1100000000K9X9C,1001N1100000000K9X9D,0001F1100000000H9FQT,120mm*19.8mm*3400Pa(15000CU),NC372009081514514929,2160,0,(null),0,10,(null),(null),1002,0001A810000000000PGM
1001N1100000000KCOM5,1001N1100000000KCOM6,0001F11000000000FYRD,3.0Y32000,NC092009081514514917,80000,500,NC122009081514514958,160,10,珠纤,(null),1002,0001A810000000000P78
1001N1100000000KCX2D,1001N1100000000KCX2E,0001F1100000000H9FQT,120mm*19.8mm*3400Pa(15000CU),NC372009081514514929,210,0,(null),0,10,(null),(null),1002,0001A810000000000PGM
1001N1100000000KCX2D,1001N1100000000KCX2F,0001F1100000000F5DJM,120mm*19.8mm*3000Pa,NC372009081514514929,24,0,(null),0,20,(null),(null),1002,0001A810000000000PGM
1001N1100000000KE7NO,1001N1100000000KE7NP,0001F1100000000G4IGO,120mm*19.8mm*3400Pa(10000CU),NC372009081514514929,180,0,(null),0,10,(null),(null),1002,0001A810000000000PGM
1001N1100000000KE7NO,1001N1100000000KE7NQ,0001F11000000001K3OM,108mm*24.1mm*3100Pa(10000CU),NC372009081514514929,140,0,(null),0,20,(null),(null),1002,0001A810000000000PGM
1001N1100000000KE7NO,1001N1100000000KE7NR,0001F1100000000BUTCJ,120mm*22.1mm*3200Pa,NC372009081514514929,500,0,(null),0,30,(null),(null),1002,0001A810000000000PGM
1001N1100000000KE7NO,1001N1100000000KE7NS,0001F1100000000H24EG,144mm*24.1mm*4200Pa(6000CU),NC372009081514514929,79,0,(null),0,40,(null),(null),1002,0001A810000000000PGM
1001N1100000000KFF6K,1001N1100000000KFF6L,0001F11000000009DM8Y,26.5g*53.0mm*5000m,NC092009081514514917,16179.84,7.0225,NC152009081514515029,2304,10,1311,(null),1002,0001A8100000000011QZ
1001N1100000000KFF6K,1001N1100000000KFF6M,0001F11000000001F0K1,32.0g*26.5mm*4000m,NC092009081514514917,10447.36,3.392,NC152009081514515029,3080,20,1311,(null),1002,0001A8100000000011QZ
1001N1100000000KFF6K,1001N1100000000KFF6N,0001F11000000009DM8I,26.5g*26.5mm*5000m,NC092009081514514917,4915.75,3.51125,NC152009081514515029,1400,30,1311,(null),1002,0001A8100000000011QZ
1001N1100000000KFF6K,1001N1100000000KFF6O,0001F1100000000G6M4H,26.5g*26.5mm*5000m,NC092009081514514917,10112.4,3.51125,NC152009081514515029,2880,40,1311,(null),1002,0001A810000000000WBJ
1001N1100000000KFF6K,1001N1100000000KFF6P,0001F1100000000CPHGR,26.5g*53.0mm*5500m,NC092009081514514917,7786.548,7.72475,NC152009081514515029,1008,50,1311,(null),1002,0001A81000000000147H
1001N1100000000KF5NH,1001N1100000000KF5NI,0001F11000000002ZOWM,25.0g*26.5mm*4000m,NC092009081514514917,12296,2.65,NC152009081514515029,4640,10,(null),(null),1002,0001A8100000000012V3
1001N1100000000KJ20X,1001N1100000000KJ20Y,0001F11000000004DQ8C,27.0g*26.5mm*5000m,NC092009081514514917,4006.8,3.5775,NC152009081514515029,1120,10,1311,(null),1002,0001A8100000000011QZ
1001N1100000000KJ20X,1001N1100000000KJ20Z,0001F11000000000FZ81,28.0g*26.5mm*4000m,NC092009081514514917,14958.72,2.968,NC152009081514515029,5040,20,1311,(null),1002,0001A8100000000011QZ
1001N1100000000KFCE1,1001N1100000000KFCE2,0001F11000000000LWOP,28.0g*26.5mm*5000m,NC092009081514514917,14127.68,3.71,NC152009081514515029,3808,10,(null),(null),1003,0001A810000000000WBJ
1001N1100000000KFFL3,1001N1100000000KFFL4,0001F11000000000FYS1,3.0Y35000,NC092009081514514917,99903,1,NC122009081514514958,99903,10,2013NGEQ/912121JP 99.903MT,(null),1002,0001F1100000000C30DM
1001N1100000000KKAYN,1001N1100000000KKAYO,0001F11000000000FYRD,3.0Y32000,NC092009081514514917,210000,500,NC122009081514514958,420,10,南纤,(null),1002,0001A810000000000P78
1001N1100000000KKAYN,1001N1100000000KKAYP,0001F11000000000FYRJ,3.0Y35000,NC092009081514514917,200000,1,NC122009081514514958,200000,20,南纤,(null),1002,0001A810000000000P78
1001N1100000000KKFC3,1001N1100000000KKFC4,0001F11000000000FYRD,3.0Y32000,NC092009081514514917,100000,500,NC122009081514514958,200,10,南纤,(null),1003,0001A810000000000P78
1001N1100000000KKFC3,1001N1100000000KKFC5,0001F11000000000FYR1,3.9Y31000,NC092009081514514917,100000,500,NC122009081514514958,200,20,珠纤,(null),1003,0001A810000000000P78
1001N1100000000KM449,1001N1100000000KM44A,0001F11000000000FYRD,3.0Y32000,NC092009081514514917,100000,500,NC122009081514514958,200,10,南纤,(null),1003,0001A810000000000P78
1001N1100000000KM0Z5,1001N1100000000KM0Z6,0001F1100000000G6M44,26.5g*26.5mm*5000m,NC092009081514514917,19663,3.51125,NC152009081514515029,5600,10,1311,(null),1002,0001F11000000003746Y
1001N1100000000KMOVT,1001N1100000000KMOVU,0001F11000000000FYR1,3.9Y31000,NC092009081514514917,200000,500,NC122009081514514958,400,10,珠纤,(null),1003,0001A810000000000P78
1001N1100000000KMOVT,1001N1100000000KMOVV,0001F11000000000FYRD,3.0Y32000,NC092009081514514917,300000,500,NC122009081514514958,600,20,南纤,(null),1003,0001A810000000000P78
1001N1100000000KMNCM,1001N1100000000KMNCN,0001F11000000000FYRD,3.0Y32000,NC092009081514514917,100000,500,NC122009081514514958,200,10,南纤,(null),1002,0001A810000000000P78
1001N1100000000KN3IE,1001N1100000000KN3IF,0001F11000000000FYSD,3.0Y32000,NC092009081514514917,199529.7,500,NC122009081514514958,399.0594,10,2013NGEQ/912127US 199.5297mt,(null),1003,0001F1100000000A7WEW
1001N1100000000KOHXQ,1001N1100000000KOHXR,0001F1100000000H9FQT,120mm*19.8mm*3400Pa(15000CU),NC372009081514514929,1515,0,(null),0,10,(null),(null),1002,0001A810000000000PGM
1001N1100000000KOHXQ,1001N1100000000KOHXS,0001F1100000000BUTCJ,120mm*22.1mm*3200Pa,NC372009081514514929,800,0,(null),0,20,(null),(null),1002,0001A810000000000PGM
1001N1100000000KOHXQ,1001N1100000000KOHXT,0001F11000000002H65A,144mm*24.1mm*4200Pa(10000CU),NC372009081514514929,182,0,(null),0,40,(null),(null),1002,0001A810000000000PGM
1001N1100000000KOHXQ,1001N1100000000KOHXU,0001F1100000000F5DJU,120mm*22.1mm*4000Pa,NC372009081514514929,140,0,(null),0,50,(null),(null),1002,0001A810000000000PGM
1001N1100000000KOJGP,1001N1100000000KOJGQ,0001F11000000001K3OM,108mm*24.1mm*3100Pa(10000CU),NC372009081514514929,728,0,(null),0,10,(null),(null),1002,0001A810000000000PGM
1001N1100000000KPACT,1001N1100000000KPACU,0001F11000000000LWP5,26.5g*53.0mm*5000m,NC092009081514514917,28314.72,7.0225,NC152009081514515029,4032,10,(null),(null),1003,0001A8100000000012V3
1001N1100000000KPNET,1001N1100000000KPNEU,0001F11000000009DM8I,26.5g*26.5mm*5000m,NC092009081514514917,2457.875,3.51125,NC152009081514515029,700,10,(null),(null),1003,0001A8100000000011QZ
1001N1100000000KPNET,1001N1100000000KPNEV,0001F11000000002F63R,32.0g*53.0mm*4000m,NC092009081514514917,31260.672,6.784,NC152009081514515029,4608,20,(null),(null),1003,0001A8100000000011QZ
1001N1100000000KPNET,1001N1100000000KPNEW,0001F11000000002V8Y9,26.5g*26.5mm*5000m,NC092009081514514917,78652,3.51125,NC152009081514515029,22400,30,(null),(null),1003,0001A8100000000011QZ
1001N1100000000KPNET,1001N1100000000KPNEX,0001F11000000001F0K1,32.0g*26.5mm*4000m,NC092009081514514917,12821.76,3.392,NC152009081514515029,3780,40,(null),(null),1003,0001A8100000000011QZ
1001N1100000000KP8LD,1001N1100000000KP8LE,0001F11000000000FZ81,28.0g*26.5mm*4000m,NC092009081514514917,14531.328,2.968,NC152009081514515029,4896,10,(null),(null),1003,0001A8100000000011QZ
1001N1100000000KPNEY,1001N1100000000KPNEZ,0001F11000000000LWOP,28.0g*26.5mm*5000m,NC092009081514514917,34310.08,3.71,NC152009081514515029,9248,10,(null),(null),1003,0001A810000000000WBJ
1001N1100000000KPNEY,1001N1100000000KPNF0,0001F11000000000FZ81,28.0g*26.5mm*4000m,NC092009081514514917,40364.8,2.968,NC152009081514515029,13600,20,(null),(null),1003,0001A810000000000WBJ
1001N1100000000KP97C,1001N1100000000KP97D,0001F1100000000G6M4H,26.5g*26.5mm*5000m,NC092009081514514917,10112.4,3.51125,NC152009081514515029,2880,10,1312,(null),1002,0001A810000000000WBJ
1001N1100000000KP97C,1001N1100000000KP97E,0001F11000000007185W,26.5g*26.5mm*5000m,NC092009081514514917,17977.6,3.51125,NC152009081514515029,5120,20,1312,(null),1002,0001A810000000000WBJ
1001N1100000000KP97C,1001N1100000000KP97F,0001F11000000001F0K1,32.0g*26.5mm*4000m,NC092009081514514917,15196.16,3.392,NC152009081514515029,4480,30,1312,(null),1002,0001A8100000000011QZ
1001N1100000000KP97C,1001N1100000000KP97H,0001F11000000002V8Y9,26.5g*26.5mm*5000m,NC092009081514514917,15730.4,3.51125,NC152009081514515029,4480,50,1312,(null),1002,0001A8100000000011QZ
1001N1100000000KPB4X,1001N1100000000KPB4Y,0001F11000000000FZ81,28.0g*26.5mm*4000m,NC092009081514514917,17095.68,2.968,NC152009081514515029,5760,10,1312,(null),1002,0001A810000000000WBJ
1001N1100000000KPB4X,1001N1100000000KPB4Z,0001F11000000000FZ81,28.0g*26.5mm*4000m,NC092009081514514917,17095.68,2.968,NC152009081514515029,5760,20,1312,(null),1002,0001A810000000000WBJ
1001N1100000000KPB4X,1001N1100000000KPB50,0001F11000000000FZ81,28.0g*26.5mm*4000m,NC092009081514514917,6648.32,2.968,NC152009081514515029,2240,30,1312,(null),1002,0001A810000000000WBJ
1001N1100000000KPB51,1001N1100000000KPB52,0001F11000000000NCVC,30.0g*22.0mm*5000m,NC092009081514514917,3696,3.3,NC152009081514515029,1120,10,(null),(null),1002,0001A8100000000012V3
1001N1100000000KPB51,1001N1100000000KPB53,0001F110000000071868,27.0g*26.5mm*5500m,NC092009081514514917,22037.4,3.93525,NC152009081514515029,5600,20,(null),(null),1002,0001A8100000000012V3
1001N1100000000KPB51,1001N1100000000KPB54,0001F11000000000FYEV,30.0g*27.0mm*5000m,NC092009081514514917,20412,4.05,NC152009081514515029,5040,30,(null),(null),1002,0001A8100000000012V3
1001N1100000000KPB51,1001N1100000000KPB55,0001F11000000002ZOWM,25.0g*26.5mm*4000m,NC092009081514514917,3764.48,2.65,NC152009081514515029,1420.558491,40,(null),(null),1002,0001A8100000000012V3
1001N1100000000KPB51,1001N1100000000KPB56,0001F11000000000FZ7R,26.0g*26.5mm*4000m,NC092009081514514917,2315.04,2.756,NC152009081514515029,840,50,(null),(null),1002,0001A8100000000012V3
1001N1100000000KPB51,1001N1100000000KPB57,0001F11000000000FZFN,26.5g*26.5mm*5000m,NC092009081514514917,9831.5,3.51125,NC152009081514515029,2800,60,1311,(null),1002,0001A8100000000012V3
1001N1100000000KP97I,1001N1100000000KP97J,0001F11000000004DQ8C,27.0g*26.5mm*5000m,NC092009081514514917,10017,3.5775,NC152009081514515029,2800,10,1312,(null),1002,0001A8100000000011QZ
1001N1100000000KP97I,1001N1100000000KP97K,0001F11000000000FZ81,28.0g*26.5mm*4000m,NC092009081514514917,14958.72,2.968,NC152009081514515029,5040,20,1312,(null),1002,0001A8100000000011QZ
1001N1100000000KQPZN,1001N1100000000KQPZO,0001F11000000007185I,27.0g*26.5mm*5000m,NC092009081514514917,11018.7,3.5775,NC152009081514515029,3080,10,(null),(null),1003,0001F11000000003746Y
1001N1100000000KQPZN,1001N1100000000KQPZP,0001F1100000000G6M44,26.5g*26.5mm*5000m,NC092009081514514917,4915.75,3.51125,NC152009081514515029,1400,20,(null),(null),1003,0001F11000000003746Y
1001N1100000000KQLE4,1001N1100000000KQLE5,0001F11000000004DQ8C,27.0g*26.5mm*5000m,NC092009081514514917,6511.05,3.5775,NC152009081514515029,1820,10,(null),(null),1003,0001A8100000000011QZ
1001N1100000000KQLEU,1001N1100000000KQLEV,0001F1100000000H9UCR,26.5g*26.5mm*5500m,NC092009081514514917,30281.02,3.862375,NC152009081514515029,7840,10,(null),(null),1003,0001A8100000000012V3
1001N1100000000KR7RG,1001N1100000000KR7RH,0001F11000000000FYRJ,3.0Y35000,NC092009081514514917,200000,1,NC122009081514514958,200000,10,南纤,(null),1002,0001A810000000000P78
1001N1100000000KR7RG,1001N1100000000KR7RI,0001F11000000000FYRJ,3.0Y35000,NC092009081514514917,200000,1,NC122009081514514958,200000,20,珠纤,(null),1002,0001A810000000000P78
1001N1100000000KR7RG,1001N1100000000KR7RJ,0001F11000000000FYQV,2.7Y35000,NC092009081514514917,35000,500,NC122009081514514958,70,30,南纤,(null),1002,0001A810000000000P78
1001N1100000000KR7RG,1001N1100000000KR7RK,0001F11000000000FYR1,3.9Y31000,NC092009081514514917,100000,500,NC122009081514514958,200,40,珠纤,(null),1002,0001A810000000000P78
1001N1100000000KR7SH,1001N1100000000KR7SI,0001F11000000000FYRD,3.0Y32000,NC092009081514514917,200000,500,NC122009081514514958,400,10,南纤,(null),1003,0001A810000000000P78
1001N1100000000KR7SH,1001N1100000000KR7SJ,0001F11000000000FYR1,3.9Y31000,NC092009081514514917,200000,500,NC122009081514514958,400,20,珠纤,(null),1003,0001A810000000000P78
1001N1100000000KRJ2K,1001N1100000000KRJ2L,0001F1100000000H9FQT,120mm*19.8mm*3400Pa(15000CU),NC372009081514514929,60,0,(null),0,10,(null),(null),1002,0001A810000000000PGM
1001N1100000000KRJ2K,1001N1100000000KRJ2M,0001F1100000000BUTCJ,120mm*22.1mm*3200Pa,NC372009081514514929,1000,0,(null),0,20,(null),(null),1002,0001A810000000000PGM
1001N1100000000KRJ2K,1001N1100000000KRJ2N,0001F11000000002H65A,144mm*24.1mm*4200Pa(10000CU),NC372009081514514929,520,0,(null),0,30,(null),(null),1002,0001A810000000000PGM
1001N1100000000KRNCM,1001N1100000000KRNCN,0001F1100000000GW4WM,26.5g*53.0mm*5000m,NC092009081514514917,25842.8,7.0225,NC152009081514515029,3680,20,1312,(null),1002,0001A810000000000WBJ
1001N1100000000KRNCM,1001N1100000000KRNCO,0001F11000000001UZGT,27.0g*53.0mm*5000m,NC092009081514514917,18316.8,7.155,NC152009081514515029,2560,30,1311,(null),1002,0001A810000000000WBJ
1001N1100000000KRNCM,1001N1100000000KRNCP,0001F11000000006AH3B,29.0g*26.5mm*5000m,NC092009081514514917,10759,3.8425,NC152009081514515029,2800,40,1312,(null),1002,0001A8100000000011QZ
1001N1100000000KRNCM,1001N1100000000KRNCQ,0001F11000000009DM8Y,26.5g*53.0mm*5000m,NC092009081514514917,16179.84,7.0225,NC152009081514515029,2304,50,(null),(null),1002,0001A8100000000011QZ
1001N1100000000KRNCV,1001N1100000000KRNCW,0001F110000000071868,27.0g*26.5mm*5500m,NC092009081514514917,5509.35,3.93525,NC152009081514515029,1400,10,1311,(null),1002,0001A8100000000012V3
1001N1100000000KRNCV,1001N1100000000KRNCX,0001F11000000000NCVC,30.0g*22.0mm*5000m,NC092009081514514917,2310,3.3,NC152009081514515029,700,20,1312,(null),1002,0001A8100000000012V3
1001N1100000000KRNCV,1001N1100000000KRNCY,0001F11000000000FYJH,30.0g*25.0mm*5000m,NC092009081514514917,2625,3.75,NC152009081514515029,700,30,1312,(null),1002,0001A8100000000012V3
1001N1100000000KRAS6,1001N1100000000KRAS7,0001F11000000000FYS1,3.0Y35000,NC092009081514514917,99045,1,NC122009081514514958,99045,10,2013NGEQ/912167US 99.045MT,(null),1002,0001F1100000000A7WF6
1001N1100000000KREN2,1001N1100000000KREN3,0001F11000000000FYSD,3.0Y32000,NC092009081514514917,99524,500,NC122009081514514958,199.048,10,2013NGEQ/912165US 99.524MT,(null),1003,0001F1100000000A7WF6
1001N1100000000KRD3J,1001N1100000000KRD3K,0001F11000000000FYSD,3.0Y32000,NC092009081514514917,199506,500,NC122009081514514958,399.012,10,2013NGEQ/912127US 199.506MT,(null),1003,0001F1100000000A7WEW
1001N1100000000KUHTL,1001N1100000000KUHTM,0001F11000000000LWP5,26.5g*53.0mm*5000m,NC092009081514514917,28314.72,7.0225,NC152009081514515029,4032,10,(null),(null),1003,0001A8100000000012V3
1001N1100000000L4WUU,1001N1100000000L4WUV,0001F1100000000H9FQT,120mm*19.8mm*3400Pa(15000CU),NC372009081514514929,900,0,(null),0,10,(null),(null),1002,0001A810000000000PGM
1001N1100000000L9XK0,1001N1100000000L9XK1,0001F11000000000FYRJ,3.0Y35000,NC092009081514514917,100000,1,NC122009081514514958,100000,10,珠纤,(null),1002,0001A810000000000P78
1001N1100000000L9KQ2,1001N1100000000L9KQ3,0001F11000000000FYR1,3.9Y31000,NC092009081514514917,100000,500,NC122009081514514958,200,10,珠纤,(null),1003,0001A810000000000P78
1001N1100000000LDDJ7,1001N1100000000LDDJ8,0001F1100000000G6M44,26.5g*26.5mm*5000m,NC092009081514514917,19663,3.51125,NC152009081514515029,5600,10,2013.12,(null),1002,0001F11000000003746Y
1001N1100000000LD56Y,1001N1100000000LD56Z,0001F11000000000FZ81,28.0g*26.5mm*4000m,NC092009081514514917,11397.12,2.968,NC152009081514515029,3840,10,201312,(null),1002,0001A810000000000WBJ
1001N1100000000LD7MW,1001N1100000000LD7MX,0001F11000000002ZOWM,25.0g*26.5mm*4000m,NC092009081514514917,4444.05,2.65,NC152009081514515029,1677,10,201312,(null),1002,0001A81000000000147H
1001N1100000000LHIGR,1001N1100000000LHIGS,0001F11000000000FYRD,3.0Y32000,NC092009081514514917,200000,500,NC122009081514514958,400,10,南纤,(null),1003,0001A810000000000P78
1001N1100000000LHEM1,1001N1100000000LHEM2,0001F11000000000FYRJ,3.0Y35000,NC092009081514514917,110000,1,NC122009081514514958,110000,10,珠纤,(null),1002,0001A810000000000P78
1001N1100000000LHFG8,1001N1100000000LHFG9,0001F11000000001K3OM,108mm*24.1mm*3100Pa(10000CU),NC372009081514514929,700,0,(null),0,10,(null),(null),1002,0001A810000000000PGM
1001N1100000000LHFGQ,1001N1100000000LHFGR,0001F1100000000I5CHS,32.0g*26.5mm*4000m,NC092009081514514917,4341.76,3.392,NC152009081514515029,1280,10,(null),(null),1002,0001A810000000000WBJ
1001N1100000000LHFGV,1001N1100000000LHFGW,0001F110000000071868,27.0g*26.5mm*5500m,NC092009081514514917,12120.57,3.93525,NC152009081514515029,3080,10,(null),(null),1002,0001A8100000000012V3
1001N1100000000LHFGV,1001N1100000000LHFGX,0001F11000000000FYEV,30.0g*27.0mm*5000m,NC092009081514514917,6804,4.05,NC152009081514515029,1680,20,(null),(null),1002,0001A8100000000012V3
1001N1100000000LHFGV,1001N1100000000LHFGY,0001F11000000000FZ7R,26.0g*26.5mm*4000m,NC092009081514514917,3858.4,2.756,NC152009081514515029,1400,30,(null),(null),1002,0001A8100000000012V3
1001N1100000000LHFGV,1001N1100000000LHFGZ,0001F11000000002ZOWM,25.0g*26.5mm*4000m,NC092009081514514917,14840,2.65,NC152009081514515029,5600,40,(null),(null),1002,0001A8100000000012V3
1001N1100000000LHFGV,1001N1100000000LHFH0,0001F11000000000FYEV,30.0g*27.0mm*5000m,NC092009081514514917,20412,4.05,NC152009081514515029,5040,50,(null),(null),1002,0001A8100000000012V3
1001N1100000000LHHSV,1001N1100000000LHHSW,0001F11000000000FZ81,28.0g*26.5mm*4000m,NC092009081514514917,11397.12,2.968,NC152009081514515029,3840,10,(null),(null),1002,0001A810000000000WBJ
1001N1100000000LJW8U,1001N1100000000LJW8V,0001F1100000000BUTCJ,120mm*22.1mm*3200Pa,NC372009081514514929,400,0,(null),0,10,(null),(null),1002,0001A810000000000PGM
1001N1100000000LLFVJ,1001N1100000000LLFVK,0001F11000000002V8Y9,26.5g*26.5mm*5000m,NC092009081514514917,22120.875,3.51125,NC152009081514515029,6300,10,(null),(null),1003,0001A8100000000011QZ
1001N1100000000LLFVJ,1001N1100000000LLFVL,0001F11000000001F0K1,32.0g*26.5mm*4000m,NC092009081514514917,5223.68,3.392,NC152009081514515029,1540,20,(null),(null),1003,0001A8100000000011QZ
1001N1100000000LKRMO,1001N1100000000LKRMP,0001F11000000000FYRD,3.0Y32000,NC092009081514514917,100000,500,NC122009081514514958,200,10,南纤,(null),1003,0001A810000000000P78
1001N1100000000LKRMO,1001N1100000000LKRMQ,0001F11000000000FYR1,3.9Y31000,NC092009081514514917,60000,500,NC122009081514514958,120,20,珠纤,(null),1003,0001A810000000000P78
1001N1100000000LLI1K,1001N1100000000LLI1L,0001F11000000000FYRJ,3.0Y35000,NC092009081514514917,120000,1,NC122009081514514958,120000,10,南纤,(null),1002,0001A810000000000P78
1001N1100000000LLI1K,1001N1100000000LLI1M,0001F11000000000FYR1,3.9Y31000,NC092009081514514917,60000,500,NC122009081514514958,120,20,珠纤,(null),1002,0001A810000000000P78
1001N1100000000LLV8R,1001N1100000000LLV8S,0001F11000000009DM8I,26.5g*26.5mm*5000m,NC092009081514514917,3441.025,3.51125,NC152009081514515029,980,10,(null),(null),1002,0001A8100000000011QZ
1001N1100000000LLV8T,1001N1100000000LLV8U,0001F11000000000FYJH,30.0g*25.0mm*5000m,NC092009081514514917,3150,3.75,NC152009081514515029,840,10,(null),(null),1002,0001A8100000000012V3
