二醋酸纤维素丝束2.7Y35000(国产),0001F11000000000FYQV,74314
二醋酸纤维素丝束3.9Y31000(国产),0001F11000000000FYR1,74315
二醋酸纤维素丝束3.5Y34000(国产),0001F11000000000FYR7,74317
二醋酸纤维素丝束3.0Y32000(国产),0001F11000000000FYRD,74318
二醋酸纤维素丝束3.0Y35000(国产),0001F11000000000FYRJ,74316
二醋酸纤维素丝束2.7Y35000(进口),0001F11000000000FYRP,74319
二醋酸纤维素丝束3.5Y34000(进口),0001F11000000000FYRV,74322
二醋酸纤维素丝束3.0Y35000(进口),0001F11000000000FYS1,74320
二醋酸纤维素丝束3.8Y32000(进口),0001F11000000000FYS7,74321
二醋酸纤维素丝束3.0Y32000(进口),0001F11000000000FYSD,74323
高透气度滤棒成型纸3000CU,0001F11000000000FZ7R,74325
普通滤棒成型纸,0001F11000000000FZ81,74324
普通滤棒成型纸(KDF4),0001F11000000000LWOP,453218
高透气度滤棒成型纸4000CU,0001F11000000000FYQ3,74326
高透气度滤棒成型纸10000CU,0001F11000000001KX3U,1070231
高透气度滤棒成型纸10000CU(KDF4),0001F11000000001V0E4,1196190
高透气度滤棒成型纸4800CU,0001F11000000002C5Z2,1418816
高透气度滤棒成型纸10000CU(4000m),0001F11000000002ZOWM,1943761
高透气度滤棒成型纸12000CU(PM),0001F11000000007DQ2C,3394103
高透气度滤棒成型纸4800CU(PM),0001F11000000000FZ8H,74329
高透气度滤棒成型纸10000CU(5000m),0001F11000000000FYQD,74328
高透气度滤棒成型纸1570CU(MK),0001F11000000000FYQN,74327
高透气度滤棒成型纸1570CU(WTS),0001F11000000000L2QM,443398
高透气度滤棒成型纸10000CU(4700m),0001F11000000000MFYX,461061
144mm-4100Pa醋纤滤棒(龙岩),0001F11000000000FZ8V,74331
144mm-3920Pa醋纤滤棒(龙岩),0001F11000000000FZ91,74332
108mm-2744Pa醋纤滤棒(龙岩),0001F11000000000FZ97,74333
108mm-2940Pa醋纤滤棒(龙岩),0001F11000000000FZ9D,74334
120mm-4175Pa醋纤滤棒(PM),0001F11000000000FZ9J,74335
108mm-3410Pa醋纤滤棒(PM),0001F11000000000FZ9P,74336
120mm-2800Pa醋纤滤棒(厦门A),0001F11000000000FZ9V,74337
120mm-3800Pa醋纤滤棒(厦门B),0001F11000000000FZA1,74338
120mm-3800Pa醋纤滤棒(厦门J4),0001F11000000000FZA7,74339
144mm-3920Pa醋纤滤棒(厦门L1),0001F11000000000FZAD,74341
144mm-4200Pa醋纤滤棒(厦门K),0001F11000000000FZAJ,74342
144mm-4500Pa醋纤滤棒(厦门E),0001F11000000000FZAP,74343
144mm-4400Pa醋纤滤棒(厦门J2),0001F11000000000FZAV,74344
120mm-3724Pa醋纤滤棒(龙岩),0001F11000000000FZB1,74330
144mm-4110Pa醋纤滤棒(厦门L),0001F11000000000FZB7,74340
108mm-2750Pa醋纤滤棒(厦门M),0001F110000000010HL9,661991
108mm-2548Pa醋纤滤棒(龙岩),0001F110000000011YIK,664656
108mm-2548Pa醋纤滤棒(厦门P),0001F110000000013EC3,672320
108mm-3038Pa醋纤滤棒(龙岩),0001F11000000001G32N,889714
120mm-3700Pa醋纤滤棒(厦门J5),0001F11000000002BVCM,1412974
108mm-3038Pa醋纤滤棒(厦门T),0001F11000000002JMYL,1569703
108mm-3500Pa醋纤滤棒(R),0001F11000000003AO9Z,2210963
108mm-3300Pa醋纤滤棒(龙岩),0001F11000000004DQ6U,2301500
120mm-4700Pa醋纤滤棒(龙岩),0001F11000000004DQ78,2301629
120mm-4312Pa醋纤滤棒,0001F11000000005WPZY,2589253
108mm-2842Pa醋纤滤棒,0001F11000000006O4OM,3026529
108mm-3724Pa醋纤滤棒,0001F11000000007C5XL,3372421
108mm-3430Pa醋纤滤棒(PM),0001F11000000007TI9G,3548304
120mm-3800Pa醋纤滤棒,0001F1100000000CEY3S,5166983
120mm-3000Pa细支滤棒,0001F11000000000FZBD,74345
144mm-5000pa二元复合活性碳滤棒,0001F11000000000NCUY,509210
120mm-2940Pa波纹滤棒(槽朝外),0001F11000000000FZBJ,74346
120mm-3800Pa丙纤加胶滤棒,0001F11000000000FZBP,74347
120mm-3000Pa超细支滤棒,0001F11000000000LLTW,447196
120mm-3900Pa超细支滤棒,0001F11000000000Y8BQ,654935
108mm-3100Pa波纹滤棒(槽朝外),0001F11000000001K3OM,1060150
144mm-4200pa二元复合活性碳滤棒,0001F11000000002H65A,1537309
120mm-3200Pa细支滤棒,0001F1100000000BUTCJ,4965521
108mm-3100Pa沟槽滤棒(槽朝内),0001F1100000000CGWTD,5183244
120mm-4000Pa二元复合活性碳细支滤棒,0001F1100000000F5DJU,5911075
120mm-3000Pa超细支薄荷滤棒,0001F1100000000F5DJM,5910917
120mm-3400Pa超细支滤棒,0001F1100000000G4IGO,6222485
144mm-4200pa薄荷滤棒,0001F1100000000H24EG,6769226
120mm-3400Pa超细支滤棒-1,0001F1100000000H9FQT,6857152
试验用滤棒,0001F1100000000IS8KO,7494596
108mm-2744Pa二元复合活性炭滤棒,0001F11000000000KVO4,433758
120mm-3900Pa二元复合活性炭滤棒,0001F11000000006C7QJ,2876305
108mm-3038Pa管状二元复合滤棒,0001F11000000000FZBV,74348
144mm-5000Pa二元复合活性炭滤棒,0001F11000000000FZC1,390339
120mm-4500Pa二元复合活性炭滤棒,0001F11000000001G33G,889949
120mm-3920Pa二元复合活性炭滤棒,0001F11000000000FZC7,74349
"QF70A30.0W普通卷烟纸(竖,23mm)",0001F11000000000KVWG,437172
MF50A28.0W普通卷烟纸(竖),0001F11000000000N34K,493400
"QF70A30.0W普通卷烟纸(竖,22mm)",0001F11000000000NCVC,509306
TY50A26.5W普通卷烟纸(横),0001F11000000000FZDX,74405
QF50A28.0W普通卷烟纸(竖),0001F11000000000FZED,74407
MRU60A26.5W普通卷烟纸(横),0001F11000000000FZF7,74356
QF60A26.5M普通卷烟纸(横),0001F11000000000FZFN,74404
TY60A26.5W普通卷烟纸(横),0001F11000000000FZFX,74403
QF50A35.0M普通卷烟纸(竖),0001F11000000000FZGV,394697
MF30A27.0W普通卷烟纸(横),0001F11000000000FY8T,74350
JYA2-40CU,0001F11000000000FY99,74352
MF50A26.5W普通卷烟纸(竖),0001F11000000000FY9P,74353
MF60A29.0W普通卷烟纸(横),0001F11000000000FY9Z,74354
MR50A26.5W普通卷烟纸(横),0001F11000000000FYA9,74355
MF50A27.5M普通卷烟纸(横),0001F11000000000FYE5,74357
QF50A30.0W普通卷烟纸(竖),0001F11000000000FYEV,74358
MRU50A26.5W普通卷烟纸(横),0001F11000000000FYFL,74359
TY40A30.0M普通卷烟纸(布纹),0001F11000000000FYFV,74361
TY60A27.0W普通卷烟纸(横),0001F11000000000FYGD,74406
CTM60A26.0W普通卷烟纸(横),0001F11000000000FYHB,74408
TY30A27.0W普通卷烟纸(横),0001F11000000000FYI1,74351
MF50A30.0W普通卷烟纸(竖),0001F11000000000FYIZ,74360
"QF70A30.0W普通卷烟纸(竖,25mm)",0001F11000000000FYJH,74402
MF40A27.0W普通卷烟纸(横),0001F11000000000FYJR,390418
TY40A27.0W普通卷烟纸(横),0001F11000000000FYK1,390497
QF40A27.0W普通卷烟纸(横),0001F11000000000FYKB,390655
"QF60A26.5M普通卷烟纸(横,宽盘)",0001F11000000000LWP5,453436
"QF50A28.0W普通卷烟纸(竖,宽盘)",0001F11000000000N33M,492848
"MRU50A26.5W普通卷烟纸(横,宽盘)",0001F11000000000NUDG,527850
"QF70A30.0W普通卷烟纸(竖,22mm,快燃)",0001F11000000000XJSR,651265
MF60A32.0W普通卷烟纸(竖),0001F11000000001F0K1,828059
"TY60A27.0W普通卷烟纸(横,宽盘)",0001F11000000001UZGT,1188861
"QF50A30.0W普通卷烟纸(竖,宽盘)",0001F110000000023VFL,1324594
QF60A25.0W普通卷烟纸(横),0001F11000000002C5YS,1418724
QF60A32.0W普通卷烟纸(斜),0001F110000000029H4K,1384381
"MF60A32.0W普通卷烟纸(竖,宽盘)",0001F11000000002F63R,1483577
HF40A27.0W普通卷烟纸(横),0001F11000000002LN01,1626552
JF40A27.0W普通卷烟纸(横),0001F11000000002LN0R,1626647
MF60A26.5W普通卷烟纸(横),0001F11000000002V8Y9,1891829
CTM60A26.5W普通卷烟纸(横),0001F11000000003676U,2141026
CTM60A32.0W普通卷烟纸(竖),0001F110000000036776,2141165
MF50A27.0W普通卷烟纸(横),0001F11000000004DQ8C,2301858
MF60A28.0W普通卷烟纸(咖啡色),0001F11000000005C058,2393106
MF60A29.0M普通卷烟纸(竖),0001F11000000006AH3B,2857003
JF50A27.0W普通卷烟纸(横),0001F11000000007185I,3220042
TY50A26.5W普通卷烟纸(竖),0001F11000000007185W,3220454
QF50A27.0W普通卷烟纸(竖),0001F110000000071868,3220552
"QF50A27.0W普通卷烟纸(竖,宽盘)",0001F11000000007186N,3220695
QF45A25.0W普通卷烟纸(横),0001F11000000007DQ31,3394264
MF60A26.5M普通卷烟纸(横),0001F11000000009DM8I,4162344
"MF60A26.5M普通卷烟纸(横,宽盘)",0001F11000000009DM8Y,4162443
QF50A27.0M普通卷烟纸(竖),0001F1100000000ALPZB,4388857
"CTM60A26.5W普通卷烟纸(横,宽盘)",0001F1100000000CPHGR,5248045
MF45A25.0W普通卷烟纸(横),0001F1100000000G4IHL,6222662
MF60A25.0W普通卷烟纸(横),0001F1100000000G4IHX,6222768
JF60A26.5W普通卷烟纸(横),0001F1100000000G6M44,6241480
HF60A26.5W普通卷烟纸(横),0001F1100000000G6M4H,6241586
"HF60A26.5W普通卷烟纸(横,宽盘)",0001F1100000000GW4WM,6668437
QF60A26.5W普通卷烟纸(横),0001F1100000000H9UCR,6860670
TY60A32.0W普通卷烟纸(竖),0001F1100000000I5CHS,7275543
B50-28LC(竖),0001F11000000000FZPH,74362
Diamond R(L)(网),0001F11000000000FZPX,74363
PM卷烟纸,0001F11000000000FZQV,74366
进口50cu卷烟纸(摩迪),0001F11000000000FYKL,74364
453卷烟盘纸,0001F11000000000FYKV,74365
石狮(软富健)接装纸(龙岩),0001F11000000000FZRA,74368
七匹狼(白)接装纸(龙岩),0001F11000000000FZU3,74378
七匹狼(古田)接装纸(龙岩),0001F11000000000FZV2,74383
万宝路(软白)接装纸,0001F11000000000FZVG,74385
七匹狼(豪情)接装纸(龙岩),0001F11000000000FZUO,74381
大丰收(软)接装纸(龙岩),0001F11000000000GC47,74370
万宝路(软红)接装纸,0001F11000000000GC4A,74384
七匹狼(红)接装纸(龙岩),0001F11000000000GC6J,74376
大丰收(软)接装纸(厦门),0001F11000000000FYL4,74369
大丰收(福临门)接装纸,0001F11000000000FYLC,74371
石狮(沉香)接装纸,0001F11000000000FYLK,74373
厦门(珍品)接装纸,0001F11000000000FYLS,74374
七匹狼(红)接装纸(厦门),0001F11000000000FYM0,74375
七匹狼(白)接装纸(厦门),0001F11000000000FYM8,74377
七匹狼(蓝)接装纸,0001F11000000000FYMG,74379
金桥(软混)接装纸,0001F11000000000FYMO,74372
石狮(软富健)接装纸(厦门),0001F11000000000FYMW,74367
七匹狼(古田)接装纸(厦门),0001F11000000000FYN4,74382
七匹狼(豪情)接装纸(厦门),0001F11000000000FYNC,74380
"七匹狼(红)接装纸(厦门,62mm)",0001F11000000000LLSM,446746
"七匹狼(红)接装纸(龙岩,62mm)",0001F11000000000LLSW,446835
七匹狼(豪情)接装纸(62mm),0001F11000000000LM1C,449521
金桥(软混)接装纸-1,0001F11000000000WD8V,636145
七匹狼(豪情)接装纸(厦门GDX6),0001F11000000001FSRW,888230
七匹狼(蓝)接装纸(GDX6),0001F11000000001UZSZ,1189741
金桥(通运)接装纸,0001F11000000005C05K,2393202
万宝路(软金)接装纸,0001F11000000007DQ3L,3394417
"金桥(84,5mg)接装纸",0001F11000000009ZISR,4258331
金桥(红七)接装纸,0001F1100000000A54JC,4296584
金桥(缘)接装纸,0001F1100000000CNO5A,5243819
"金桥(94,3mg)接装纸",0001F1100000000F5DKL,5911360
金桥(安哥拉)接装纸,0001F1100000000F5YL1,5915262
"金桥(94,5mg)接装纸",0001F1100000000F5KD7,5914575
金桥(软混)接装纸-2,0001F1100000000G61YO,6233937
"金桥(薄荷,泰国)接装纸",0001F1100000000H24I0,6769512
"金桥(84,泰国)接装纸",0001F1100000000H24I8,6769618
金桥(AVOLON94)接装纸-1,0001F1100000000HSHT0,7151682
妙香接装纸,0001F11000000000GBU0,74396
七匹狼(枣红新)接装纸,0001F11000000000GBU3,74397
七匹狼(纯金)接装纸,0001F11000000000GBU6,74398
七匹狼(软灰)接装纸,0001F11000000000GBU9,74399
细支烟白接装纸,0001F11000000000KVXT,437375
七匹狼(软红)接装纸-2,0001F11000000000N34T,493487
金桥(台湾97) 接装纸,0001F11000000000NCVR,509937
七匹狼(软灰)(浙江版)接装纸,0001F11000000000GC6P,74400
七匹狼(尚品)接装纸,0001F11000000000GCA0,391797
七匹狼(软红)接装纸(龙岩),0001F11000000000GCAR,74393
七匹狼(金)接装纸,0001F11000000000FYNK,74386
金桥(国际)接装纸,0001F11000000000FYNS,74387
金桥(红国际)接装纸,0001F11000000000FYO0,74388
金桥(英伦奶香)接装纸,0001F11000000000FYO8,74391
七匹狼(软红)接装纸(厦门),0001F11000000000FYOG,74392
七匹狼(豪运)接装纸,0001F11000000000FYOO,74395
七匹狼(豪迈)接装纸,0001F11000000000FYOW,74389
金桥(台湾84) 接装纸,0001F11000000000FYP4,74394
七匹狼(纯典)接装纸,0001F11000000000FYPC,74390
金桥(硬)接装纸,0001F11000000000FYPK,390101
金桥(全味) 接装纸,0001F11000000000NCX7,510787
金桥(至真原味) 接装纸,0001F11000000000XJPB,649317
七匹狼(纯金)接装纸-3,0001F11000000001BCRM,787243
金桥(台湾84) 接装纸-2,0001F11000000001JXPW,1057827
七匹狼(棕韵)接装纸,0001F11000000001RJSA,1152288
七匹狼(软红)接装纸(GDX6S）,0001F11000000001TZBR,1179248
七匹狼(豪运)接装纸(GDX6),0001F110000000024QGN,1325291
七匹狼(通福)接装纸,0001F11000000002ZVNP,1946904
七匹狼(纯雅)接装纸,0001F11000000003AO7Q,2208730
七匹狼(74mm大通仙)接装纸-C,0001F11000000005ADBE,2384357
七匹狼(84mm大通仙)接装纸,0001F11000000005JEAH,2462190
七匹狼(通福)接装纸(GDX6),0001F11000000005MDPQ,2479968
七匹狼(小通仙)接装纸,0001F11000000005V4XW,2574468
七匹狼(君如意)接装纸,0001F1100000000GLJRJ,6416420
七匹狼(鸿运)接装纸,0001F11000000006O4ZN,3029348
金桥(黑七) 接装纸,0001F11000000006Y36M,3177097
金桥(AVOLON94)接装纸,0001F11000000006ZAWY,3192016
金桥(AVOLON97) 接装纸,0001F11000000006ZAXA,3192116
七匹狼(小通仙)接装纸-1,0001F110000000075U9Y,3278954
七匹狼(纯香)接装纸,0001F11000000007BLU1,3353243
金桥(威客) 接装纸,0001F11000000007FH6K,3395973
金桥(竹)接装纸,0001F11000000007MHWH,3478949
七匹狼(鸿福)接装纸,0001F11000000008BDPS,3734080
七匹狼(纯香)接装纸-1,0001F11000000008U7AD,3851291
七匹狼(纯境)接装纸,0001F1100000000AN4G7,4394323
七匹狼(通仙300)接装纸,0001F1100000000AN6SA,4395412
土楼接装纸-1,0001F1100000000AN6TY,4395754
七匹狼(鸿运)接装纸-1,0001F1100000000B0WHR,4528057
七匹狼(通仙300)接装纸-1,0001F1100000000B8TA5,4629712
七匹狼(通仙3mg)接装纸,0001F1100000000DGKT8,5403415
金桥(蓝七) 接装纸,0001F1100000000F5DK8,5911234
七匹狼(通仙纯)接装纸,0001F1100000000FQAMB,6107339
七匹狼(纯翠)接装纸,0001F1100000000GOTTP,6511462
七匹狼(纯尚)接装纸,0001F1100000000GOTTX,6511568
七匹狼(大富贵)接装纸,0001F1100000000HOQJZ,7087494
七匹狼(翠碧一号)接装纸,0001F1100000000HWO3W,7199397
七匹狼(通仙境)接装纸,0001F1100000000I7A2O,7294636
七匹狼(圣典)接装纸,0001F11000000000GBUC,74401
七匹狼(雅典)接装纸,0001F11000000000GC6U,74409
七匹狼(纯金)接装纸-2,0001F11000000000NHOR,512162
七匹狼(雅典)接装纸-2,0001F11000000001G330,889844
土楼接装纸,0001F11000000001JXQK,1057993
七匹狼(通仙)接装纸,0001F11000000001O6JZ,1109699
七匹狼(通泰)接装纸,0001F11000000002B230,1404124
七匹狼(通运)接装纸,0001F11000000002H4BO,1533541
七匹狼(尚品)接装纸-1,0001F1100000000BBOYX,4670982
七匹狼(雅典)接装纸-3,0001F1100000000HYMUC,7222196
大丰收(福临门)小包,0001F11000000000GBUN,74410
大丰收(软)小包(B1),0001F11000000000GBUP,74411
七匹狼(软红)小包(B1),0001F11000000000GBUR,74412
石狮(软富健)小包(B1),0001F11000000000GBUT,74413
石狮(软富健)小包(金桥),0001F11000000000GBUV,74414
石狮(软富健)小包(GD),0001F11000000000GBUX,74416
大丰收(软)小包(GD),0001F11000000000GBUZ,74417
七匹狼(软灰)小包,0001F11000000000GBV1,74418
万宝路(软红)小包,0001F11000000000GBV3,74420
金桥(软混)小包,0001F11000000000GC6X,74415
万宝路(软白)小包,0001F11000000000GC6Z,74421
七匹狼(软红)小包(GD),0001F11000000000GCAU,74419
七匹狼(软红)小包(厦门GD),0001F11000000001IL2B,1044178
七匹狼(软红)小包(龙岩5A),0001F11000000001K9U9,1061436
金桥(软阿联)小包,0001F11000000005C076,2393839
万宝路(软金)小包,0001F11000000007DQ4L,3394772
金桥(软84安哥拉)小包,0001F1100000000EZEMM,5856628
"金桥(薄荷,泰国)小包",0001F1100000000H24IG,6769745
"金桥(84,泰国)小包",0001F1100000000H24IM,6769851
七匹狼(豪情)小盒(河南),0001F11000000000GBV5,74423
七匹狼(白)小盒(厦门),0001F11000000000GBV7,74424
七匹狼(白)小盒(河南),0001F11000000000GBV9,74425
七匹狼(鸿运)小盒,0001F11000000006KOKR,2964145
金桥(红国际)小盒,0001F11000000000N36S,494304
七匹狼(豪情)小盒(厦门),0001F11000000000GC3M,74422
七匹狼(豪情)小盒(龙岩),0001F11000000000GC41,74439
七匹狼(红)小盒(厦门),0001F11000000000GC54,74431
"厦门(珍品,普通)小盒",0001F11000000000GC56,74436
七匹狼(红)小盒(龙岩),0001F11000000000GC58,74444
七匹狼(古田)小盒(厦门),0001F11000000000GCAW,74427
金桥（硬）小盒,0001F11000000000GCDJ,390022
七匹狼(纯典)小盒,0001F11000000000GBMN,74426
七匹狼(古田)小盒(龙岩),0001F11000000000GBMP,74428
七匹狼(豪迈)小盒,0001F11000000000GBMR,74429
七匹狼(豪运)小盒,0001F11000000000GBMT,74430
七匹狼(金)小盒,0001F11000000000GBMV,74432
七匹狼(蓝)小盒-1,0001F11000000000GBMX,74433
七匹狼(蓝)小盒-2,0001F11000000000GBMZ,74434
石狮(沉香)小盒,0001F11000000000GBN1,74435
金桥(国际)小盒,0001F11000000000GBN3,74437
金桥(台湾84)小盒,0001F11000000000GBN5,74438
妙香小盒,0001F11000000000GBN7,74440
七匹狼(纯金)小盒,0001F11000000000GBN9,74441
七匹狼(白)小盒(龙岩),0001F11000000000GBNB,74442
七匹狼(枣红新)小盒,0001F11000000000GBND,74443
七匹狼(圣典)小盒,0001F11000000000FYPV,74449
七匹狼(纯金)小盒-2,0001F11000000000NHMC,511841
七匹狼(豪情)小盒(河南BK),0001F110000000019NVU,771289
七匹狼(古田)小盒(龙岩BK),0001F110000000019NW0,771376
七匹狼(豪情)小盒(厦门BK),0001F110000000019NW6,771463
七匹狼(古田)小盒(厦门BK),0001F110000000019NWE,771566
七匹狼(豪情)小盒(龙岩BK),0001F110000000019NWK,771654
七匹狼(蓝)小盒(GDX6),0001F11000000001V004,1191180
七匹狼(白)小盒(河北),0001F110000000021DP8,1288431
七匹狼(白)小盒(江西),0001F110000000021DPE,1288523
石狮(沉香)小盒(龙岩),0001F110000000022EYE,1297793
七匹狼(豪运)小盒(GDX6),0001F110000000024QIP,1325878
七匹狼(厦门)小盒,0001F11000000002YGAS,1926026
七匹狼(通福)小盒,0001F11000000002ZVNY,1947017
七匹狼(纯雅)小盒,0001F11000000003AO8O,2209343
金桥(外香阿联)小盒,0001F11000000005C05X,2393323
金桥(通运)小盒,0001F11000000005EBH6,2414674
七匹狼(君如意)小盒,0001F1100000000GLJRQ,6416526
金桥(黑七)小盒,0001F11000000006Y38X,3177214
七匹狼(红)小盒(河北),0001F11000000007BVPU,3360201
金桥(威客)小盒,0001F11000000007FHAV,3396237
七匹狼(红)小盒(河南),0001F11000000007TFD0,3545635
七匹狼(鸿福)小盒,0001F11000000008CE1P,3736673
七匹狼(纯香)小盒,0001F11000000008KTAV,3776260
七匹狼(古田)小盒(龙岩BK1),0001F11000000008RBFW,3821758
七匹狼(古田)小盒(厦门BK1),0001F11000000008RBG5,3821857
七匹狼(红)小盒(江西),0001F11000000008T70C,3842714
"金桥(84,5mg)小盒",0001F11000000009ZISC,4258131
七匹狼(通仙300)小盒,0001F1100000000AN6UV,4396054
土楼小盒-1,0001F1100000000AN6V3,4396154
金桥(迈克)小盒,0001F1100000000B9J73,4632136
七匹狼(通仙3mg)小盒,0001F1100000000DGKTF,5403515
七匹狼(新圣典)小盒,0001F1100000000DLAQC,5426571
七匹狼(鸿福)小盒(省外版),0001F1100000000E2JQ1,5563355
七匹狼(纯雅)小盒(省外版),0001F1100000000E2JQE,5563455
七匹狼(纯雅)小盒(省外版-1),0001F1100000000EQYC3,5799281
金桥(硬84安哥拉)小盒,0001F1100000000EZEMF,5856527
七匹狼(纯雅)小盒(浙),0001F1100000000F4ALA,5896483
七匹狼(鸿福)小盒(晋),0001F1100000000F4AKV,5896268
"七匹狼(纯雅,厦门,浙1)小盒",0001F1100000000HRVCP,7138028
"七匹狼(纯雅,厦门,辽)小盒",0001F1100000000HRVCV,7138134
"七匹狼(纯雅,厦门,川)小盒",0001F1100000000HS1PL,7138927
"七匹狼(红,龙岩,辽)小盒",0001F1100000000HS1PR,7139034
"七匹狼(红,龙岩,浙)小盒",0001F1100000000HS1PZ,7139174
"七匹狼(通福,龙岩,川)小盒",0001F1100000000HS1Q5,7139280
"七匹狼(红,龙岩,晋)小盒",0001F1100000000HSP0O,7154186
"七匹狼(纯雅,厦门,LSZ)小盒",0001F1100000000ITDR8,7506147
"七匹狼(红,龙岩,LSZ)小盒",0001F1100000000ITDRG,7506254
七匹狼(软红)小包-2,0001F11000000000N354,493627
七匹狼(尚品)小包,0001F11000000000GCC8,393250
七匹狼(雅典)小包-2,0001F11000000001G33U,890139
土楼小包,0001F11000000001JXRB,1058269
七匹狼(通仙)小包,0001F11000000001O6TF,1110150
七匹狼(棕韵)小包,0001F11000000001RJSH,1152380
七匹狼(通泰)小包,0001F11000000002F1BP,1480341
七匹狼(通运)小包,0001F11000000002H4BY,1533633
七匹狼(小通仙)小包,0001F11000000005V4YX,2574624
七匹狼(通运)小包(省内版),0001F1100000000950O2,4085145
七匹狼(通仙)小包-1,0001F1100000000E7FQX,5598523
七匹狼(通运)小包(二维XM),0001F1100000000EO3N5,5756385
七匹狼(大富贵)小包,0001F1100000000HOQKX,7087942
"七匹狼(通运,龙岩,闽)小包",0001F1100000000HS1QE,7139386
金桥(台湾97)小盒,0001F11000000000NCWE,510478
金桥(英伦奶香)小盒,0001F11000000000GC9P,74445
七匹狼(雅典)小盒,0001F11000000000GCAY,74448
金桥(台湾94)小盒,0001F11000000000GBNF,74446
厦门(珍品)礼盒,0001F11000000000GBNH,74447
金桥(全味)小盒,0001F11000000000NCXK,510922
金桥(英伦奶香)小盒(GDX2),0001F11000000001PBZD,1124855
试制小盒,0001F11000000002F5XR,1481513
试制小盒,0001F11000000002F5XX,1481606
金桥(台湾94)小盒(GDX2),0001F11000000002GJVX,1527350
试制小盒,0001F11000000002N1B1,1636669
试制小盒,0001F11000000002N1BA,1636761
试制小盒,0001F11000000002O4K2,1665146
试制小盒,0001F11000000002RR1V,1739097
七匹狼(通泰16支)小盒,0001F11000000002TSK7,1818610
金桥(97阿联)小盒,0001F11000000005C089,2394171
金桥(AVOLON94)小盒,0001F11000000006ZAWL,3191817
金桥(AVOLON97)小盒,0001F11000000006ZAXH,3192213
七匹狼(通仙16支)小盒,0001F110000000075QHY,3275467
七匹狼(16支纯香)小盒,0001F11000000007BLT2,3353031
金桥(竹)小盒,0001F11000000007MJKT,3479801
七匹狼(16支通运)小盒,0001F11000000007VL82,3581032
金桥(西97)小盒,0001F11000000008B5WX,3731324
七匹狼(16支通仙)小盒(省内版),0001F1100000000950OJ,4085316
金桥(红七)小盒,0001F1100000000A54JJ,4296685
七匹狼(纯境)小盒,0001F1100000000AN4H2,4394820
七匹狼(通仙16支)小盒-1,0001F1100000000CIC6C,5220692
金桥(蓝七)小盒,0001F1100000000F5DKZ,5911576
"金桥(94,3mg)小盒",0001F1100000000F5DL5,5911676
"金桥(94,5mg)小盒",0001F1100000000F5DLB,5911776
金桥(薄荷)小盒,0001F1100000000F5DLK,5911876
七匹狼(纯翠)小盒,0001F1100000000GOTSV,6511036
七匹狼(纯尚)小盒,0001F1100000000GOTT3,6511144
金桥(AVOLON94)小盒-1,0001F1100000000HSHU1,7152308
七匹狼(通仙境)小盒,0001F1100000000I7A27,7294357
石狮(软富健)条盒(金桥),0001F11000000000GC5A,74454
万宝路(软白)条盒,0001F11000000000GC5C,74461
七匹狼(软灰)条盒,0001F11000000000GC94,74458
大丰收(福临门)条盒,0001F11000000000GBNJ,74450
大丰收(软)条盒(B1),0001F11000000000GBNL,74451
七匹狼(软红)条盒(B1),0001F11000000000GBNN,74452
石狮(软富健)条盒(B1),0001F11000000000GBNP,74453
金桥(软混)条盒,0001F11000000000GBNR,74455
石狮(软富健)条盒(GD),0001F11000000000GBNT,74456
七匹狼(软红)条盒(龙岩GD),0001F11000000000GBNX,74459
万宝路(软红)条盒,0001F11000000000GBNZ,74460
大丰收(软)条盒(GD),0001F11000000000GBNV,74457
七匹狼(软灰)条盒(GDX6S),0001F11000000000NUD4,527559
七匹狼(软红)条盒(厦门GD),0001F11000000001IL2N,1044331
七匹狼(软红)条盒(龙岩5A),0001F11000000001K9UK,1061528
金桥(软混)条盒(海沧GDX1),0001F11000000001N1JD,1102151
七匹狼(软红)条盒(GDX6S),0001F11000000001V2YR,1207074
金桥(软阿联)条盒,0001F11000000005C06W,2393726
万宝路(软金)条盒,0001F11000000007DQ4X,3394902
金桥(软84安哥拉)条盒,0001F1100000000EZEMU,5856755
"金桥(薄荷,泰国)条盒",0001F1100000000H24IU,6769957
"金桥(84,泰国)条盒",0001F1100000000H24J0,6770063
七匹狼(鸿运)条盒,0001F11000000006KOL1,2964281
金桥(国际)条盒,0001F11000000000GBZ8,74477
金桥(台湾84)条盒,0001F11000000000GBZA,74478
七匹狼(豪情)条盒(龙岩),0001F11000000000GBZC,74479
妙香条盒,0001F11000000000GBZE,74480
七匹狼(纯金)条盒,0001F11000000000GBZG,74481
七匹狼(白)条盒(龙岩),0001F11000000000GBZI,74482
七匹狼(枣红新)条盒,0001F11000000000GBZK,74483
七匹狼(红)条盒(龙岩),0001F11000000000GBZM,74484
金桥(红国际)条盒,0001F11000000000N36Y,494392
七匹狼(纯典)条盒,0001F11000000000GC5E,74466
七匹狼(豪运)条盒,0001F11000000000GC5G,74470
"厦门(珍品,普通)条盒",0001F11000000000GC5I,74476
七匹狼(白)条盒(厦门),0001F11000000000GC8P,74464
七匹狼(豪情)条盒(河南),0001F11000000000GC9G,74463
七匹狼(豪迈)条盒,0001F11000000000GCB0,74469
金桥（硬）条盒,0001F11000000000GCDH,389918
七匹狼(豪情)条盒(厦门),0001F11000000000GBO1,74462
七匹狼(白)条盒(河南),0001F11000000000GBO3,74465
七匹狼(古田)条盒(厦门),0001F11000000000GBO5,74467
七匹狼(古田)条盒(龙岩),0001F11000000000GBO7,74468
七匹狼(红)条盒(厦门),0001F11000000000GBO9,74471
七匹狼(金)条盒,0001F11000000000GBOB,74472
七匹狼(蓝)条盒-1,0001F11000000000GBOD,74473
七匹狼(蓝)条盒-2,0001F11000000000GBOF,74474
石狮(沉香)条盒,0001F11000000000GBOH,74475
七匹狼(纯金)条盒-2,0001F11000000000NHMQ,511924
七匹狼(豪情)条盒(厦门BK),0001F110000000019NWQ,771741
七匹狼(古田)条盒(厦门BK),0001F110000000019NWW,771828
七匹狼(古田)条盒(龙岩BK),0001F110000000019NX2,771915
七匹狼(豪情)条盒(龙岩BK),0001F110000000019NX8,772002
七匹狼(豪情)条盒(河南BK),0001F11000000001E06H,816000
七匹狼(蓝)条盒(GDX6),0001F11000000001V094,1194680
七匹狼(白)条盒(江西),0001F110000000021DPM,1288615
七匹狼(白)条盒(河北),0001F110000000021DPS,1288707
石狮(沉香)条盒(龙岩),0001F110000000022EYK,1297885
七匹狼(豪运)条盒(GDX6),0001F110000000024QIV,1325971
七匹狼(厦门)条盒,0001F11000000002YGB3,1926118
七匹狼(通福)条盒,0001F11000000002ZVO5,1947124
七匹狼(纯雅)条盒,0001F11000000003AO8U,2209435
金桥(外香阿联)条盒,0001F11000000005C06D,2393443
金桥(通运)条盒,0001F11000000005EBHC,2414771
七匹狼(君如意)条盒,0001F1100000000GLJRZ,6416632
金桥(黑七)条盒,0001F11000000006Y39C,3177312
七匹狼(红)条盒(河北),0001F11000000007BVQ0,3360298
金桥(威客)条盒,0001F11000000007FHB6,3396421
七匹狼(红)条盒(河南),0001F11000000007TFDA,3545732
七匹狼(鸿福)条盒,0001F11000000008CE1V,3736776
七匹狼(纯香)条盒,0001F11000000008KTBJ,3776360
七匹狼(古田)条盒(龙岩BK1),0001F11000000008RBGE,3821956
七匹狼(古田)条盒(厦门BK1),0001F11000000008RBH2,3822055
七匹狼(红)条盒(江西),0001F11000000008T706,3842615
"金桥(84,5mg)条盒",0001F11000000009ZISK,4258231
七匹狼(通仙300)条盒,0001F1100000000AN6VJ,4396292
土楼条盒-1,0001F1100000000AN6W1,4396393
金桥(迈克)条盒,0001F1100000000B9J7H,4632246
七匹狼(通仙3mg)条盒,0001F1100000000DGKTL,5403615
金桥(硬84安哥拉)条盒,0001F1100000000EZEN0,5856855
七匹狼(鸿福)条盒(晋),0001F1100000000F4ALM,5896778
七匹狼(纯雅)条盒(浙),0001F1100000000F4ALS,5896878
"七匹狼(纯雅,厦门,浙1)条盒",0001F1100000000HS1QK,7139493
"七匹狼(纯雅,厦门,辽)条盒",0001F1100000000HS1QQ,7139600
"七匹狼(纯雅,厦门,川)条盒",0001F1100000000HS1QW,7139706
"七匹狼(红,龙岩,辽)条盒",0001F1100000000HS1R8,7139813
"七匹狼(红,龙岩,浙)条盒",0001F1100000000HS1RH,7139963
"七匹狼(通福,龙岩,川)条盒",0001F1100000000HS1RN,7140069
"七匹狼(红,龙岩,晋)条盒",0001F1100000000HSP15,7154466
"七匹狼(红,龙岩,LSZ)条盒",0001F1100000000ITDRS,7506438
"七匹狼(纯雅,厦门,LSZ)条盒",0001F1100000000ITDS5,7506554
七匹狼(软红)条盒-2,0001F11000000000N35A,493714
七匹狼(尚品)条盒,0001F11000000000GCDY,393329
七匹狼(雅典)条盒-2,0001F11000000001G342,890230
土楼条盒,0001F11000000001LTJ9,1088310
七匹狼(通仙)条盒,0001F11000000001O6TN,1110264
七匹狼(棕韵)条盒,0001F11000000001RJSN,1152472
七匹狼(通泰)条盒,0001F11000000002F1BV,1480433
七匹狼(通运)条盒,0001F11000000002H53W,1533725
七匹狼(小通仙)条盒,0001F11000000005V4Z7,2574738
七匹狼(通运)条盒(泉州版),0001F110000000062V3J,2723845
七匹狼(通运)条盒(f福州版),0001F110000000064S3K,2745901
七匹狼(通泰)条盒(厦门),0001F1100000000771TV,3287737
七匹狼(通运)条盒(省内版),0001F1100000000950VA,4085590
七匹狼(通仙)条盒-1,0001F1100000000E7FR5,5598653
七匹狼(通运)条盒(二维XM),0001F1100000000EO3NB,5756486
七匹狼(大富贵)条盒,0001F1100000000HOQL3,7088048
"七匹狼(通运,龙岩,闽)条盒",0001F1100000000HS1RT,7140176
金桥(英伦奶香)条盒,0001F11000000000GBZO,74485
金桥(台湾94)条盒,0001F11000000000GBZQ,74486
七匹狼(雅典)条盒,0001F11000000000GBZS,74487
七匹狼(雅典)两盒装条盒,0001F11000000000GBZU,74488
七匹狼(圣典)条盒,0001F11000000000GBZW,74489
七匹狼(圣典)两盒装条盒,0001F11000000000GBZY,74490
金桥(台湾97)条盒,0001F11000000000NCWK,510561
七匹狼(尚品)两盒装条盒,0001F11000000000GCCZ,393171
厦门(珍品礼)两盒装条盒,0001F11000000000L1VH,441625
金桥(全味)条盒,0001F11000000000NCXQ,511151
七匹狼(尚品)两盒装条盒-2,0001F11000000000VBCA,615111
土楼(礼)两盒装条盒,0001F11000000001JXRR,1058510
金桥(英伦奶香)条盒(GDX2),0001F11000000001PBZJ,1124947
七匹狼(通仙)两盒装条盒,0001F110000000021DAY,1287527
七匹狼(通仙)两包装条盒-1,0001F110000000025LVW,1339846
试制条盒,0001F11000000002FNH3,1506683
金桥(台湾94)条盒(GDX2),0001F11000000002GJW5,1527442
试制条盒,0001F11000000002IGRY,1551232
试制条盒,0001F11000000002N9SI,1640372
七匹狼(通泰)条盒(ZB-16支装),0001F11000000002O4KA,1665345
七匹狼(通泰)条盒(ZB-10支装),0001F11000000002RN7W,1739189
试制条盒,0001F11000000002SHHH,1748001
七匹狼(通泰16支)条盒,0001F11000000002TSKD,1818702
金桥(97阿联)条盒,0001F11000000005C08M,2394284
金桥(AVOLON94)条盒,0001F11000000006ZAWR,3191919
金桥(AVOLON97)条盒,0001F11000000006ZAXN,3192310
七匹狼(通仙16支)条盒,0001F110000000075QI5,3275581
七匹狼(16支纯香)条盒,0001F11000000007BLTK,3353144
金桥(竹)条盒,0001F11000000007MJKZ,3479898
七匹狼(16支通运)条盒,0001F11000000007VL8E,3581147
金桥(西97)条盒,0001F11000000008B5X3,3731423
七匹狼(大通仙)条盒,0001F11000000008T37U,3842056
七匹狼(16支通仙)条盒(省内版),0001F1100000000950YM,4085690
金桥(红七)条盒,0001F1100000000A54JP,4296785
七匹狼(纯境)条盒,0001F1100000000AN4HE,4395034
七匹狼(通仙16支)条盒-1,0001F1100000000CIC6L,5220792
七匹狼(新圣典)条盒,0001F1100000000DLAQI,5426671
金桥(蓝七)条盒,0001F1100000000F5DLQ,5911976
金桥(薄荷)条盒,0001F1100000000F5DLW,5912076
"金桥(94,3mg)条盒",0001F1100000000F5DM5,5912176
"金桥(94,5mg)条盒",0001F1100000000F5DMF,5912276
七匹狼（16支通仙）条盒-2,0001F1100000000FFKCQ,6001496
七匹狼（通仙）条盒-2,0001F1100000000FFKCK,6001390
七匹狼(纯翠)条盒,0001F1100000000GOTT9,6511250
七匹狼(纯尚)条盒,0001F1100000000GOTTF,6511356
金桥(AVOLON94)条盒-1,0001F1100000000HSHU9,7152446
七匹狼(通仙境)条盒,0001F1100000000I7A2F,7294497
细支烟银色铝箔,0001F11000000000KVYJ,437496
121mm米黄色内衬纸,0001F11000000000S5WB,560991
114mm银色内衬纸(龙岩),0001F11000000000GC02,74496
PM内衬纸,0001F11000000000GC09,74505
114mm银色内衬纸(金桥),0001F11000000000THQX,591278
114mm浅金色内衬纸(龙岩),0001F11000000000GC7P,74497
84mm银色内衬纸,0001F11000000000GCB2,74494
80mm金色内衬纸,0001F11000000000FYAY,74491
80mm银色内衬纸,0001F11000000000FYB6,74493
114.5mm银色内衬纸,0001F11000000000FYBK,74499
80mm金桥双面印刷银色内衬纸,0001F11000000000FYBS,74500
厦门(珍品)专用内衬纸,0001F11000000000FYC6,74503
80mm金桥英文印刷红色内衬纸,0001F11000000000FYCE,74504
80mm浅金色内衬纸,0001F11000000000FYCM,74492
80mm印刷银色内衬纸,0001F11000000000FYCU,74501
114mm金色内衬纸,0001F11000000000FYD8,74498
114mm银色内衬纸(厦门),0001F11000000000FYDG,74495
78mm银色内衬纸,0001F11000000000FYDO,74502
114mm浅金色内衬纸(厦门),0001F11000000000LLTC,447008
PM内衬纸-1,0001F11000000000WBL9,632781
122mm银色内衬纸,0001F11000000001PBZ2,1124716
114mm印刷银色内衬纸,0001F11000000001UZYO,1190564
122mm金色内衬纸,0001F11000000002GJWF,1527534
80mm银色内衬纸-1,0001F11000000002SPUB,1749102
80mm浅金色内衬纸-1,0001F11000000002SPUR,1749194
122mm银色内衬纸-1,0001F11000000002SPV4,1749286
80mm金色内衬纸-1,0001F11000000002SPU3,1749010
114mm印刷金色内衬纸,0001F11000000002YK4O,1927127
114mm压纹金色内衬纸,0001F1100000000GLJS7,6416738
万宝路(软金)内衬纸,0001F11000000007DQ44,3394573
七匹狼(通仙300)内衬纸,0001F11000000008N059,3779965
土楼内衬纸-1,0001F1100000000AN6ZB,4396953
121mm银色内衬纸,0001F1100000000F5KDF,5914675
121mm绿色内衬纸,0001F1100000000GOTRE,6510651
114mm压纹亮金色内衬纸,0001F1100000000HOQKA,7087624
114mm浅金色内衬纸(金桥),0001F1100000000H24JA,6770169
118mm银色内衬纸,0001F1100000000H81I3,6831949
114mm银色转移内衬纸,0001F11000000000GC0C,74507
115mm银色转移内衬纸,0001F11000000000FYDW,74506
七匹狼(软红)内衬纸(直镀),0001F1100000000E6XVD,5592765
114mm镭射内衬纸,0001F11000000006KOM6,2964561
七匹狼(纯金)内衬纸,0001F11000000000GC0H,74510
七匹狼(软红)内衬纸,0001F11000000000GC0K,74514
七匹狼(圣典)内衬纸,0001F11000000000GC3W,74511
七匹狼(枣红新)内衬纸,0001F11000000000GC7U,74512
七匹狼(软灰)内衬纸,0001F11000000000GC9R,74513
七匹狼(尚品)内衬纸,0001F11000000000GCDV,393091
80mm镭射内衬纸,0001F11000000000FYEE,74508
80mm云纹镭射内衬纸,0001F11000000000FYEM,74509
七匹狼(纯雅)内衬纸(FK),0001F110000000054E5H,2351469
七匹狼(软灰)内衬纸(GDX6S),0001F11000000000XJKL,648046
七匹狼(雅典)内衬纸-2,0001F11000000001G349,890319
土楼内衬纸,0001F11000000001JXQW,1058085
七匹狼(通仙)内衬纸,0001F11000000001O6TU,1110361
七匹狼(棕韵)内衬纸,0001F11000000001RLCS,1152748
七匹狼(软红)内衬纸(GDX6S),0001F11000000001XAGK,1269632
114mm云纹镭射内衬纸,0001F110000000024QHE,1325645
七匹狼(通泰)内衬纸,0001F11000000002F1CA,1480547
七匹狼(通仙)16支装内衬纸,0001F11000000002F62U,1483211
七匹狼(通运)内衬纸,0001F11000000002H54B,1533832
七匹狼(通仙)10支装内衬纸,0001F11000000002IIHP,1551937
七匹狼(通泰)16支装内衬纸,0001F11000000002O4IE,1664422
试制内衬纸,0001F11000000002RN8A,1739390
七匹狼(通泰)16支装内衬纸-1,0001F11000000002YG36,1925096
七匹狼(纯雅)内衬纸,0001F11000000003AO8F,2209251
七匹狼(小通仙)内衬纸,0001F11000000005V506,2574973
七匹狼(通仙)16支装内衬纸-1,0001F110000000075TUT,3277101
122mm镭射内衬纸,0001F11000000007MJKG,3479607
114mm浅蓝色内衬纸,0001F11000000008N05U,3780196
七匹狼(纯雅)内衬纸-1,0001F1100000000CJJ50,5231218
七匹狼(通仙3mg)内衬纸,0001F1100000000DGKTW,5403773
七匹狼(翠碧一号)内衬纸,0001F1100000000HX96A,7204458
114mm单头银色铝箔纸(1100m),0001F11000000000S5WX,561275
114mm单头银色铝箔纸,0001F11000000000FYF4,74515
114mm单头金色铝箔纸,0001F11000000000FYFC,74516
七匹狼(16支纯香)小盒硫酸纸(卷),0001F1100000000HDVJF,6915264
七匹狼(雅典)小盒硫酸纸(卷),0001F1100000000HDVJY,6915437
96.5mm金卡框架纸(龙岩),0001F11000000000GC0P,74518
94.5mm金卡框架纸(厦门),0001F11000000000FYG4,74517
94.5mm黄金卡框架纸,0001F1100000000GLJSK,6416844
96.0mm金卡框架纸,0001F110000000070DED,3201166
94.5mm银卡框架纸,0001F11000000007FHAM,3396113
94.5mm金卡框架纸,0001F11000000008UU17,3854509
96.5mm金卡框架纸(河南)作废,0001F1100000000AHXPL,4347820
96.5mm金卡框架纸(河南),0001F1100000000AL1JA,4375675
94.5mm镀铝金卡框架纸(厦门),0001F11000000000GC0S,74519
96.0mm镀铝金卡框架纸,0001F11000000000GC0V,74520
96.5mm镀铝金卡框架纸,0001F11000000000GC7Y,74521
94.5mm镀铝金卡框架纸(龙岩),0001F11000000000L1UI,441489
96.5mm镀铝金卡框架纸(GDX6),0001F11000000000LWPE,453572
96.5mm镀铝金卡框架纸(厦门GDX6),0001F11000000001IJPJ,1041027
94.5mm镀铝银卡框架纸,0001F11000000007GZSY,3409635
94,0001F11000000008UE73,3853160
70mm直光柱镭射玫瑰金卡框架纸,0001F11000000002SHH4,1747888
七匹狼(圣典)框架纸,0001F11000000000GC11,74527
七匹狼(醇金)框架纸,0001F11000000000GC4D,74526
94.5mm直光柱镭射金卡框架纸,0001F11000000000FYGM,74522
94.5mm镭射云纹金卡框架纸,0001F11000000000FYGU,74524
94.5mm镭射卡框架纸,0001F11000000000FYH2,74525
94.5mm镭射红卡框架纸,0001F11000000000FYHK,74523
七匹狼(纯金)框架纸,0001F11000000001I7ZV,993705
96.5mm镭射云纹金卡框架纸,0001F110000000024QIE,1325763
92mm直光柱镭射金卡框架纸,0001F11000000002F63B,1483394
70mm直光柱镭射金卡框架纸,0001F11000000002III1,1552158
92mm直光柱镭射玫瑰金卡框架纸,0001F11000000002O4IW,1664570
92mm直光柱镭射镀铝玫瑰金卡框架纸,0001F11000000002YG3K,1925256
七匹狼(纯雅)框架纸,0001F11000000003AO82,2209066
七匹狼(通福)框架纸,0001F11000000005MDNC,2479846
92mm直光柱镭射镀铝金卡框架纸,0001F110000000075TUK,3276986
94.5mm浅蓝色框架纸,0001F11000000008N066,3780297
74.0mm银色框架纸,0001F1100000000AN4GR,4394497
七匹狼(通仙300)框架纸,0001F1100000000AN6ZP,4397080
土楼框架纸-1,0001F1100000000AN704,4397205
84.0mm银色框架纸,0001F1100000000F5DMM,5912376
七匹狼(翠碧一号)框架纸,0001F1100000000HX9NQ,7207950
细支烟白卡,0001F11000000000KVYR,437607
74.0mm印刷米黄色框架纸,0001F11000000000NCW5,510381
94.5mm白卡框架纸(龙岩),0001F11000000000GC14,74530
96.0mm白卡框架纸,0001F11000000000GC17,74531
96.5mm白卡框架纸,0001F11000000000GC1A,74532
94.5mm印刷金卡框架纸,0001F11000000000FYHS,74533
94.5mm印刷浅金卡框架纸,0001F11000000000FYIA,74534
94.5mm白卡框架纸(厦门),0001F11000000000FYII,74529
84.0mm白卡框架纸,0001F11000000000FYIQ,74528
84.0mm印刷浅金卡框架纸,0001F11000000000FYJ8,390260
96.5mm印刷金卡框架纸,0001F110000000022EYR,1297977
96.5mm印刷文字金卡框架纸,0001F11000000002H65R,1537465
94.5mm印刷文字金卡框架纸,0001F11000000002H660,1537679
94.5mm印刷米黄色框架纸,0001F11000000006Y39M,3177409
96.5mm印刷文字金卡框架纸（厦门GDX6),0001F1100000000F8HJX,5944881
七匹狼(软红)封签纸-2,0001F11000000000N35G,493801
万宝路(软白)封签纸,0001F11000000000GC1T,74545
大丰收(福临门)封签纸,0001F11000000000GC1F,74535
金桥(软混)封签纸,0001F11000000000GC1H,74538
七匹狼(软红)封签纸(B1),0001F11000000000GC1J,74539
石狮(软富健)封签纸(GD),0001F11000000000GC1L,74540
大丰收(软)封签纸(GD),0001F11000000000GC1N,74541
七匹狼(软红)封签纸(GD),0001F11000000000GC1P,74543
万宝路(软红)封签纸,0001F11000000000GC1R,74544
大丰收(软)封签纸(B1),0001F11000000000GC82,74536
七匹狼(软灰)封签纸,0001F11000000000GC84,74542
石狮(软富健)封签纸(B1),0001F11000000000GC9E,74537
七匹狼(尚品)封签纸,0001F11000000000GCCA,393408
七匹狼(软灰)封签纸(GDX6S),0001F11000000000N33W,493097
七匹狼(雅典)封签纸,0001F11000000001G34I,890410
土楼封签纸,0001F11000000001JXR3,1058177
七匹狼(通仙)封签纸,0001F11000000001O6U1,1110522
七匹狼(棕韵)封签纸,0001F11000000001RJSZ,1152656
七匹狼(软红)封签纸(GDX6S),0001F11000000001V2FM,1201446
七匹狼(通泰)封签纸,0001F11000000002F1CH,1480639
七匹狼(通运)封签纸,0001F11000000002H54V,1533939
七匹狼(通仙95)封签纸,0001F11000000002IKZO,1552711
七匹狼(通仙93)封签纸,0001F11000000002NAF0,1641343
七匹狼(通仙96)封签纸,0001F11000000002NAF6,1641435
七匹狼(通仙97)封签纸,0001F11000000002NAFC,1641527
七匹狼(通仙98)封签纸,0001F11000000002NAFI,1641619
七匹狼(通仙99)封签纸,0001F11000000002NAFO,1641711
七匹狼(小通仙)封签纸,0001F11000000005V4ZU,2574859
七匹狼(通运)封签纸(泉州版),0001F110000000062V48,2723942
七匹狼(通运)封签纸(福州版),0001F110000000064S46,2746109
万宝路(软金)封签纸,0001F11000000007DQ4F,3394674
七匹狼(大通仙)封签纸,0001F11000000008U7AQ,3851417
七匹狼(通运)封签纸省内版,0001F1100000000951HP,4086302
金桥(软84安哥拉)封签纸,0001F1100000000EZEN6,5856957
七匹狼(通仙)条盒防伪封签纸,0001F1100000000FFKEA,6001858
七匹狼(16支通仙)条盒防伪封签纸,0001F1100000000FFKEG,6001964
七匹狼(大富贵)封签纸,0001F1100000000HOQKM,7087804
"七匹狼(通运,龙岩,闽)封签纸",0001F1100000000HTOC1,7171220
普通型BOPP-117mm(厦门),0001F11000000000GC1V,74546
普通型BOPP-117mm(龙岩),0001F11000000000GC1Y,74547
普通型BOPP-120mm,0001F11000000000GC21,74550
收缩型BOPP-120mm(厦门2),0001F11000000000GC24,74551
收缩型BOPP-120mm(龙岩),0001F11000000000GC27,74553
收缩型BOPP-126mm,0001F11000000000GC2A,74554
微收缩型BOPP-117mm(PM),0001F11000000000GC86,74548
收缩型BOPP-120mm(厦门1),0001F11000000000GC89,74552
微收缩型BOPP-117mm,0001F11000000000GCB7,74549
收缩型BOPP-117mm(高光亮),0001F11000000000GCCG,394776
收缩型BOPP-120mm(GDX6),0001F11000000000LM0U,449309
微收缩型BOPP-117mm(GDX6S),0001F11000000000N32N,492190
收缩型BOPP-112mm(高光亮),0001F11000000002F5Y6,1481698
激光全息膜-120mm-1,0001F1100000000ANM34,4410925
收缩型BOPP-328mm,0001F11000000000GC2D,74555
收缩型BOPP-340mm,0001F11000000000GC2G,74557
普通型BOPP-340mm,0001F11000000000GC2J,74559
普通型BOPP-350mm,0001F11000000000GC2M,74560
收缩型BOPP-350mm,0001F11000000000GC2P,74561
收缩型BOPP-350mm(耐磨),0001F11000000000GC2S,74562
收缩型BOPP-340mm(PM),0001F11000000000GC8C,74558
收缩型BOPP-296mm,0001F11000000000GCBA,74556
收缩型BOPP-350mm(GDX6),0001F11000000000LM14,449438
普通型BOPP-329mm(GDX6S),0001F11000000000N34B,493313
"收缩型BOPP-350mm(耐磨,GDX6)",0001F11000000001FSA9,886949
微收缩型BOPP-340mm,0001F1100000000201DD,1281674
收缩型BOPP-329mm(GDX6S),0001F110000000021YT9,1293804
收缩型BOPP-238mm,0001F11000000002F5YE,1481810
收缩型BOPP-265mm,0001F11000000002IGS5,1551324
微收缩型BOPP-329mm(耐磨),0001F11000000002JJPC,1566723
激光全息膜-350mm-1,0001F1100000000ANM3E,4411026
烫金拉线,0001F11000000000N35N,493888
红色拉线,0001F11000000000GC2V,74564
收缩透明拉线,0001F11000000000GC2Y,74565
金桥专用防伪拉线,0001F11000000000GC31,74566
激光拉线(5000米),0001F11000000000GC34,74569
烫银拉线(B),0001F11000000000GC37,74570
PM拉线,0001F11000000000GC3A,74571
透明拉线,0001F11000000000GC8F,74563
烫银拉线(A),0001F11000000000GC8I,74567
激光拉线(10000米),0001F11000000000GC9M,74568
烫银拉线A(35000米),0001F11000000000LM1M,449616
激光拉线(50000米),0001F11000000000NUDT,528032
收缩透明拉线(50000米),0001F11000000000NUE5,528187
金桥宽拉线(粉),0001F11000000002YQ6R,1932473
金桥宽拉线(绿),0001F11000000002YQ72,1932565
收缩透明拉线(5000m),0001F110000000031UFL,2014983
激光拉线(5000米)-B,0001F11000000006Y3U4,3178185
收缩透明拉线-B,0001F11000000006Y4MP,3178282
透明防伪拉线,0001F110000000075UAF,3279107
烫蓝拉线,0001F11000000008N03K,3779631
波浪式镭射烫银拉线,0001F1100000000GOTRQ,6510758
七匹狼(软红)烟箱-2,0001F11000000000N35U,493975
石狮(软富健)烟箱(厦门),0001F11000000000GC3D,74574
石狮(软富健)烟箱(龙岩),0001F11000000000GC3F,74575
金桥(软混)烟箱,0001F11000000000GC3H,74576
大丰收(软)烟箱(厦门),0001F11000000000GC8L,74572
万宝路(软红)烟箱,0001F11000000000GC8N,74578
大丰收(福临门)烟箱,0001F11000000000GC92,74577
万宝路(软白)烟箱,0001F11000000000FY91,74001
大丰收(软)烟箱(龙岩),0001F11000000000FY9H,74573
七匹狼(软红)烟箱(厦门)-A,0001F110000000017N1A,702311
七匹狼(软红)烟箱(龙岩)-A,0001F110000000017N1K,702728
七匹狼(软灰)烟箱-A,0001F110000000017N1Q,702815
七匹狼(尚品)烟箱-A,0001F110000000017N20,703010
石狮(软富健)回收烟箱(龙岩),0001F11000000001C1YK,789062
七匹狼(软红)烟箱(龙岩5A),0001F11000000001K9UW,1061714
土楼烟箱,0001F11000000001LTJJ,1088404
七匹狼(通仙)烟箱,0001F11000000001O6U7,1110616
七匹狼(软灰)烟箱(GDX6),0001F11000000001PC2Q,1125526
七匹狼(棕韵)烟箱,0001F11000000001RJST,1152564
七匹狼(软红)烟箱(GDX6),0001F11000000001TZBK,1179083
七匹狼(通泰)烟箱,0001F11000000002F1CR,1480751
七匹狼(通运)烟箱,0001F11000000002H556,1534031
七匹狼(通仙95)烟箱,0001F11000000002IKZV,1552818
七匹狼(通仙93)烟箱,0001F11000000002NAG4,1641805
七匹狼(通仙96)烟箱,0001F11000000002NAGA,1641897
七匹狼(通仙97)烟箱,0001F11000000002NAGG,1641989
七匹狼(通仙98)烟箱,0001F11000000002NAGM,1642081
七匹狼(通仙99)烟箱,0001F11000000002NAGS,1642173
金桥(软阿联)烟箱,0001F11000000005C082,2394058
七匹狼(小通仙)烟箱,0001F11000000005V50G,2575087
七匹狼(通运)烟箱(泉州版),0001F110000000062V39,2723748
七匹狼(通运)烟箱(福州版),0001F110000000064S4H,2746206
七匹狼(通泰)烟箱(厦门),0001F110000000076UST,3283938
万宝路(软金)烟箱,0001F11000000007DQ53,3394999
七匹狼(软红)烟箱(龙岩GDX6S),0001F11000000007OPQ2,3496481
七匹狼(通运)烟箱(省内版),0001F11000000009511A,4085789
金桥(软84安哥拉)烟箱,0001F1100000000EZENP,5857057
hs七匹狼(小通仙)烟箱,0001F1100000000HOMEU,7069046
hs七匹狼(尚品)烟箱,0001F1100000000HOMFL,7069470
hs石狮(软富健)烟箱(厦门),0001F1100000000HOMFR,7069576
hs石狮(软富健)烟箱(龙岩),0001F1100000000HOMG2,7069717
hs金桥(软混)烟箱,0001F1100000000HOMG8,7069823
hs七匹狼(软红)烟箱(厦门),0001F1100000000HOMGH,7069929
hs七匹狼(软红)烟箱(龙岩),0001F1100000000HOMGN,7070087
hs七匹狼(软灰)烟箱,0001F1100000000HOMGT,7070193
hs七匹狼(通运)烟箱,0001F1100000000HOMH2,7070300
"金桥(薄荷,泰国)烟箱",0001F1100000000H24JL,6770296
"金桥(84,泰国)烟箱",0001F1100000000H24JR,6770456
七匹狼(大富贵)烟箱,0001F1100000000HSHR7,7151427
hs七匹狼(大富贵)烟箱,0001F1100000000ICO24,7355974
七匹狼(软红)烟箱(厦门),0001F11000000000GBVB,74002
七匹狼(软红)烟箱(龙岩),0001F11000000000GBVD,74003
七匹狼(尚品)烟箱,0001F11000000000GCA3,393490
七匹狼(软灰)烟箱,0001F11000000000GCBD,74004
七匹狼(豪情)烟箱(龙岩),0001F11000000000GBVF,74006
七匹狼(古田)烟箱(厦门),0001F11000000000GBVH,74007
七匹狼(古田)烟箱(龙岩),0001F11000000000GBVJ,74008
七匹狼(白)烟箱(厦门),0001F11000000000GBVL,74009
七匹狼(白)烟箱(龙岩),0001F11000000000GBVN,74010
七匹狼(红)烟箱(厦门),0001F11000000000GBVP,74011
七匹狼(金)烟箱,0001F11000000000GBVR,74013
七匹狼(蓝)烟箱-1,0001F11000000000GBVT,74014
七匹狼(蓝)烟箱-2,0001F11000000000GBVV,74015
七匹狼(纯典)烟箱,0001F11000000000GBVX,74016
七匹狼(枣红新)烟箱,0001F11000000000GBVZ,74018
金桥(台湾84)烟箱,0001F11000000000GBW1,74020
七匹狼(鸿运)烟箱,0001F11000000006KOLN,2964428
七匹狼(纯雅)烟箱LN,0001F1100000000971HT,4115629
金桥(红国际)烟箱,0001F11000000000N374,494479
七匹狼(豪情)烟箱(厦门),0001F11000000000GC71,74005
七匹狼(豪运)烟箱,0001F11000000000GC75,74017
七匹狼(红)烟箱(龙岩),0001F11000000000GC73,74012
石狮(沉香)烟箱,0001F11000000000GC9K,74019
金桥(国际)烟箱,0001F11000000000GCBF,74021
七匹狼(豪迈)烟箱,0001F11000000000GCCN,390576
金桥(硬)烟箱,0001F11000000000GCDL,389358
七匹狼(纯金)烟箱-2,0001F11000000000NHNS,512055
七匹狼(古田)回收烟箱(龙岩),0001F1100000000118P4,662627
七匹狼(纯金)烟箱-A,0001F110000000017N0Y,702135
妙香烟箱-A,0001F110000000017N14,702223
七匹狼(豪情)回收烟箱(龙岩),0001F11000000001E06R,816332
石狮(沉香)烟箱(龙岩),0001F11000000002335M,1316995
七匹狼(厦门)烟箱,0001F11000000002YGBF,1926210
七匹狼(通福)烟箱,0001F11000000002ZVOB,1947216
七匹狼(纯雅)烟箱,0001F11000000003AO90,2209527
金桥(外香阿联)烟箱,0001F11000000005C06N,2393556
金桥(通运)烟箱,0001F11000000005EBHI,2414868
七匹狼(君如意)烟箱,0001F1100000000GLJSY,6416950
金桥(黑七)烟箱,0001F11000000006Y3B0,3177664
金桥(威客)烟箱,0001F11000000007FHCC,3396782
七匹狼(鸿福)烟箱,0001F11000000008CE23,3736875
七匹狼(纯香)烟箱,0001F11000000008KTBP,3776459
"金桥(84,5mg)烟箱",0001F11000000009ZIT5,4258516
七匹狼(通仙300)烟箱,0001F1100000000AN6W9,4396494
土楼烟箱-1,0001F1100000000AN6WI,4396594
金桥(迈克)烟箱,0001F1100000000B9J7N,4632356
七匹狼(通仙3mg)烟箱,0001F1100000000DGKU3,5403873
金桥(硬84安哥拉)烟箱,0001F1100000000EZENV,5857157
hs金桥(硬)烟箱,0001F1100000000HOMSZ,7071363
hs七匹狼(通仙300)烟箱,0001F1100000000HOMF0,7069152
hs七匹狼(通仙3mg)烟箱,0001F1100000000HOMF6,7069258
hs七匹狼(豪情)烟箱(龙岩),0001F1100000000HOMS8,7070938
hs七匹狼(古田)烟箱(厦门),0001F1100000000HOMSE,7071044
hs七匹狼(古田)烟箱(龙岩),0001F1100000000HOMSK,7071150
hs七匹狼(豪情)烟箱(厦门),0001F1100000000HOMST,7071257
hs七匹狼(蓝)烟箱,0001F1100000000HOMT5,7071469
hs七匹狼(金)烟箱,0001F1100000000HOMTB,7071575
hs七匹狼(白)烟箱(厦门),0001F1100000000HOMTH,7071681
hs七匹狼(白)烟箱(龙岩),0001F1100000000HOMTQ,7071787
hs七匹狼(豪运)烟箱,0001F1100000000HOMU0,7071894
hs七匹狼(豪迈)烟箱,0001F1100000000HOMUA,7072098
hs七匹狼(君如意)烟箱,0001F1100000000HOMUM,7072227
hs七匹狼(纯雅)烟箱,0001F1100000000HOMUS,7072333
hs七匹狼(鸿福)烟箱,0001F1100000000HOMVA,7072597
hs七匹狼(红)烟箱(厦门),0001F1100000000HOMVG,7072703
hs七匹狼(红)烟箱(龙岩),0001F1100000000HOMVM,7072809
hs土楼烟箱,0001F1100000000HOMVS,7072915
hs七匹狼(通福)烟箱,0001F1100000000HOMW1,7073021
hs七匹狼(纯典)烟箱,0001F1100000000HOMW7,7073127
hs七匹狼(厦门)烟箱,0001F1100000000HOMWD,7073233
妙香烟箱,0001F11000000000GBW3,74022
七匹狼(纯金)烟箱,0001F11000000000GBW5,74023
厦门(珍品)烟箱(礼盒),0001F11000000000GBW7,74025
七匹狼(圣典)烟箱(25条装),0001F11000000000GBW9,74026
七匹狼(雅典)烟箱(25条装),0001F11000000000GBWB,74027
金桥(英伦奶香)烟箱(25条装),0001F11000000000GBWD,74028
金桥(台湾97)烟箱,0001F11000000000NCWQ,510644
厦门(珍品)烟箱(25条装),0001F11000000000GC77,74024
金桥(台湾94)烟箱,0001F11000000000GC79,74029
七匹狼(雅典)烟箱,0001F11000000000GCAJ,395265
金桥(全味)烟箱,0001F11000000000NCXW,511234
厦门(珍品)烟箱(25条装)-A,0001F110000000017N26,703106
七匹狼(雅典)烟箱-2,0001F11000000001G34Q,890502
七匹狼(通仙)16支装烟箱,0001F11000000002F62G,1482964
试制烟箱,0001F11000000002IGSP,1551464
七匹狼(通运)16支装烟箱,0001F11000000002N1AV,1636577
七匹狼(通泰)16支装烟箱,0001F11000000002O4J9,1664822
试制烟箱,0001F11000000002RN83,1739298
试制烟箱,0001F11000000002RN8I,1739497
七匹狼(通泰16支)烟箱,0001F11000000002TSKJ,1818794
七匹狼(16支纯香)烟箱,0001F11000000007BLVB,3353504
金桥(97阿联)烟箱,0001F11000000005C08T,2394397
金桥(AVOLON94)烟箱,0001F11000000006ZAXT,3192407
金桥(AVOLON97)烟箱,0001F11000000006ZAYA,3192591
七匹狼(通仙16支)烟箱,0001F110000000075QIB,3275678
金桥(竹)烟箱,0001F11000000007MJKN,3479704
七匹狼(16支通运)烟箱,0001F11000000007VL8N,3581244
金桥(西97)烟箱,0001F11000000008B5XL,3731596
七匹狼(大通仙)烟箱,0001F11000000008T388,3842255
七匹狼(16支通仙)烟箱(省内版),0001F11000000009513J,4085960
金桥(红七)烟箱,0001F1100000000A54JY,4296885
七匹狼(纯境)烟箱,0001F1100000000AN6RV,4395311
七匹狼(新圣典)烟箱(25条装),0001F1100000000DLAQR,5426771
"金桥(94,5mg)烟箱",0001F1100000000F5DMZ,5912576
金桥(蓝七)烟箱,0001F1100000000F5DN9,5912676
金桥(薄荷)烟箱,0001F1100000000F5DNF,5912776
"金桥(94,3mg)烟箱",0001F1100000000F5DMT,5912476
七匹狼(通仙)烟箱-2,0001F1100000000FFKEP,6002144
七匹狼(16支通仙)烟箱-2,0001F1100000000FFKEV,6002250
七匹狼(纯翠)烟箱,0001F1100000000GOX7T,6520012
七匹狼(纯尚)烟箱,0001F1100000000GOX7Z,6520118
hs七匹狼(新圣典)烟箱(25条装),0001F1100000000HOMDY,7068299
hs七匹狼(大通仙)烟箱,0001F1100000000HOME4,7068517
hs七匹狼(通仙)烟箱,0001F1100000000HOMEA,7068679
hs七匹狼(16支通仙)烟箱,0001F1100000000HOMEO,7068940
hs七匹狼(雅典)烟箱,0001F1100000000HOMFC,7069364
hs七匹狼(纯翠)烟箱,0001F1100000000HOMQY,7070406
hs七匹狼(纯尚)烟箱,0001F1100000000HOMR4,7070512
hs七匹狼(纯境)烟箱,0001F1100000000HOMRI,7070618
hs七匹狼(16支纯香)烟箱,0001F1100000000HOMRW,7070726
hs七匹狼(通泰16支)烟箱,0001F1100000000HOMS2,7070832
hs金桥(英伦奶香)烟箱(25条装),0001F1100000000HOMV1,7072439
金桥(AVOLON94)烟箱-1,0001F1100000000HSHV6,7152683
七匹狼(通仙境)烟箱,0001F1100000000I8CUQ,7316177
封箱胶带(妙香),0001F11000000000GBWI,74033
封箱胶带(PM),0001F11000000000GBWL,74034
中烟印刷胶带(45m),0001F11000000000GBWF,74030
透明胶带(1800m),0001F11000000000GC7B,74032
中烟印刷胶带(900m),0001F11000000000GC8W,74031
滤棒中线胶(3902),0001F11000000000GBWO,74035
滤棒中线胶(ZXJ),0001F11000000000GBWQ,74036
滤棒中线胶(PN03),0001F11000000000GBWS,74037
滤棒中线胶(S3038),0001F11000000000GBWU,74038
滤棒中线胶(132-2077)PM,0001F11000000000GBWW,74039
搭口胶(860),0001F11000000000GBWY,74041
搭口胶(SE100),0001F11000000000GBX0,74043
搭口胶(132-2056)PM,0001F11000000000GBX2,74044
接嘴胶(FJ-01),0001F11000000000GBX4,74045
接嘴胶(MAX2400),0001F11000000000GBX6,74046
接嘴胶(CL3898LY),0001F11000000000GBX8,74048
接嘴胶(132-2123)PM,0001F11000000000GBXA,74049
接嘴胶(YN-102),0001F11000000000GBXC,74050
包装胶(P8082),0001F11000000000GBXE,74052
包装胶(132-469A)PM,0001F11000000000GBXG,74054
包装胶(113-2509)PM,0001F11000000000GBXI,74055
包装胶(GB-2),0001F11000000000GBXK,74056
接嘴胶(MAX100),0001F11000000000T3UJ,582518
搭口胶(S3033),0001F11000000000GC7E,74040
搭口胶(HG-A),0001F11000000000GC7G,74042
接嘴胶(T5051S),0001F11000000000GC7I,74047
包装胶(VCA-01),0001F11000000000GCBH,74051
包装胶(H7186),0001F11000000000GCBJ,74053
搭口胶(CIELOK 3883),0001F11000000000LWPR,453815
接装胶(TIPJET 2000C),0001F11000000000LWPX,453902
包装胶(CIEPAK 484A),0001F11000000000LWQ3,453989
卷烟中速胶粘剂(厦门),0001F11000000002EORM,1471139
卷烟中速胶粘剂(龙岩),0001F11000000002EORS,1471231
万宝路胶粘剂,0001F11000000002EORY,1471323
接嘴胶(MAX5800),0001F1100000000343TE,2095447
包装胶(GDX6),0001F110000000063Z4P,2738642
接嘴胶(T6051),0001F110000000067H6H,2775255
接嘴胶(YN-102G),0001F110000000067H6U,2775352
细支烟胶粘剂,0001F1100000000GIUMF,6378539
卷烟高速胶粘剂(龙岩),0001F1100000000GIUMO,6378678
卷烟高速胶粘剂(厦门),0001F1100000000GIUMU,6378784
滤棒中线胶(YN-103),0001F1100000000C4IK1,5064466
软包硬化胶粘剂(厦门),0001F1100000000GXC8U,6694177
软包硬化胶粘剂(龙岩),0001F1100000000GXC93,6694316
热熔胶(CW399B),0001F11000000000GBXM,74057
热熔胶(Q3189CN),0001F11000000000GBXO,74059
热熔胶(IL3004H),0001F11000000000GBXQ,74061
热熔胶(134-2760)PM,0001F11000000000GBXS,74062
热熔胶(Q2237CN),0001F11000000000GC7K,74058
热熔胶(ADL-1001),0001F11000000000GC8Z,74060
热熔胶(134-2734),0001F11000000001IU78,1046020
热熔胶(YN-C1),0001F110000000021DLQ,1288049
热熔胶(YN-C3),0001F110000000021DLW,1288143
热熔胶(HM-1669),0001F11000000002DCPW,1449497
热熔胶(HM-203),0001F11000000006X3U2,3160174
热熔胶(3998)PM,0001F1100000000A3QPG,4287029
滤棒增塑剂(改性),0001F11000000000GBXU,74063
滤棒增塑剂(1577),0001F11000000000GBXW,74065
滤棒增塑剂(PM),0001F11000000000GBXY,74066
烟用三乙酸甘油酯(普通),0001F11000000000GC7M,74064
滤棒增塑剂(PM2),0001F11000000000GCA5,393570
烟用三乙酸甘油酯(PM3),0001F11000000002UXC1,1873017
PM料液,0001F11000000000KVMV,433182
H/B18718,0001F11000000000KVN3,433422
TG200330-1,0001F11000000000KVR4,434917
H/F51301,0001F11000000000KVN9,433501
PM香精,0001F11000000000KVOE,433858
TG220530-1,0001F11000000000KVRA,434996
七匹狼(红)大线C-1料基,0001F11000000000KVVA,436779
TG200831,0001F11000000000KVRG,435075
TG980416,0001F11000000000KVTG,436028
TG220507,0001F11000000000KVRM,435154
TG300120,0001F11000000000KVRS,435233
TG220819,0001F11000000000KVTM,436107
TG220609,0001F11000000000KVRY,435312
七匹狼(红)大线B-1料基,0001F11000000000KVV4,436700
TG220707,0001F11000000000KVS4,435391
H/B18465,0001F11000000000KVTW,436195
TG220826,0001F11000000000KVSA,435470
HRB11842,0001F11000000000KVUS,436511
TG221001,0001F11000000000KVSG,435549
H/F51304,0001F11000000000KVU2,436274
柠檬酸,0001F11000000000KVSM,435628
可可粉,0001F11000000000KVSS,435707
HF51395,0001F11000000000KVU8,436353
白糖,0001F11000000000KVSY,435786
七匹狼(红)小线A-1料基,0001F11000000000KVUY,436621
400-550036,0001F11000000000KVT4,435869
HRB11838,0001F11000000000KVUE,436432
七匹狼(红)-1香基,0001F11000000000KVVG,436863
HY-1126,0001F110000000097ELK,4118922
H/B22492,0001F110000000097ELS,4119021
H/B25785,0001F110000000097ELY,4119120
H/B16062,0001F11000000000GBY0,74067
H/B16217,0001F11000000000GBY2,74068
H/B16313,0001F11000000000GBY4,74070
H/B16330,0001F11000000000GBY6,74071
H/B16367,0001F11000000000GBY8,74072
H/B16402,0001F11000000000GBYA,74074
H/B16410,0001F11000000000GBYC,74075
H/B16416,0001F11000000000GBYE,74076
H/B16424,0001F11000000000GBYG,74077
H/B16494,0001F11000000000GBYI,74079
H/B16519,0001F11000000000GBYK,74081
H/B16543,0001F11000000000GBYM,74082
H/B16572,0001F11000000000GBYO,74083
H/B16611,0001F11000000000GBYQ,74085
H/B16632,0001F11000000000GBYS,74086
H/B16648,0001F11000000000GBYU,74087
H/B16664,0001F11000000000GBYW,74088
H/B16682,0001F11000000000GBYY,74090
H/B16686,0001F11000000000GBZ0,74091
H/B16811,0001F11000000000GBZ2,74092
H/B16883,0001F11000000000GBZ4,74094
H/B16890,0001F11000000000GBZ6,74095
HY-0550,0001F11000000000FZML,74177
T2243,0001F11000000000FZN3,74183
010616,0001F11000000000FZNL,74191
880116,0001F11000000000FZNX,74194
AB-0068,0001F11000000000FZO9,74207
LY-2606,0001F11000000000FZOL,74213
SC3022,0001F11000000000FZOU,74218
H/B16308,0001F11000000000FZP9,74069
H/B16479,0001F11000000000FZQ5,74078
H/B16385,0001F11000000000FZPP,74073
756378,0001F11000000000FZV9,74145
H/B18178,0001F11000000000FZRH,74097
8629,0001F11000000000FZTP,74199
756124,0001F11000000000FZRR,74144
H/B18734,0001F11000000000FZUV,74117
BTK575089,0001F11000000000FZRX,74155
HY-0134,0001F11000000000FZVN,74171
880108,0001F11000000000FZS3,74192
H/B18317,0001F11000000000FZSD,74098
H/B16516,0001F11000000000FZU7,74080
98510,0001F11000000000FZSJ,74201
756059,0001F11000000000FZSP,74142
H/B18764,0001F11000000000FZUH,74120
SN608023,0001F11000000000FZSZ,74188
H/B16585,0001F11000000000FZQH,74084
XM-082,0001F11000000000FZT9,74222
H/B16674,0001F11000000000FZR3,74089
H/B18344,0001F11000000000FZTJ,74099
SN600315,0001F11000000000FZVT,74186
SN604580,0001F11000000000FZVZ,74187
SN705235,0001F11000000000FZW5,74189
DW701156,0001F11000000000FZWB,74190
98216,0001F11000000000FZWH,74193
H/B16878,0001F11000000000GC3O,74093
JH60511,0001F11000000000GC3Q,74211
H/B16943,0001F11000000000GC3U,74096
H/B18724,0001F11000000000GC3Z,74113
H/B18396,0001F11000000000GC4G,74101
H/B18599,0001F11000000000GC4I,74106
H/B18727,0001F11000000000GC4K,74114
H/B22324,0001F11000000000GC4M,74126
H/B27592,0001F11000000000GC4O,74131
756053,0001F11000000000GC4Q,74139
756382,0001F11000000000GC4S,74147
BTK211029,0001F11000000000GC4U,74153
BTK523012,0001F11000000000GC4W,74154
BTK675046,0001F11000000000GC4Y,74160
BTK923040,0001F11000000000GC50,74166
HY-0469,0001F11000000000GC52,74172
H/B24103,0001F11000000000GC9W,390892
H/B24104,0001F11000000000GC9Y,390972
756077,0001F11000000000GCA7,393649
NH-2060,0001F11000000000GCA9,393728
H/B24175,0001F11000000000GCAD,394204
60511,0001F11000000000GCC0,390734
TG221102,0001F11000000000GCC2,391209
H/B24491,0001F11000000000GCCP,390813
TG221031,0001F11000000000GCCR,391130
H/B24492,0001F11000000000GCCT,391375
H/B24472,0001F11000000000GCCV,391540
H/B24471,0001F11000000000GCD1,393807
H/B24257,0001F11000000000GCD3,394045
HY-0927,0001F11000000000GCD5,394283
BL-650,0001F11000000000GCD7,394522
BL-616,0001F11000000000GCD9,394617
甘草浸膏,0001F11000000000GCDR,391051
H/B24228,0001F11000000000GCCC,393886
BL-610,0001F11000000000GCE2,394362
BL-630,0001F11000000000GCE4,394442
H/B24473,0001F11000000000GCDT,391461
H/B24268,0001F11000000000GCE0,393966
H/B18474,0001F11000000000GBIH,74103
H/B18580,0001F11000000000GBIJ,74104
H/B18588,0001F11000000000GBIL,74105
H/B18604,0001F11000000000GBIN,74107
H/B18613,0001F11000000000GBIP,74108
H/B18617,0001F11000000000GBIR,74109
H/B18701,0001F11000000000GBIT,74110
H/B18704,0001F11000000000GBIV,74111
H/B18714,0001F11000000000GBIX,74112
H/B18731,0001F11000000000GBIZ,74115
H/B18747,0001F11000000000GBJ3,74118
H/B18789,0001F11000000000GBJ7,74121
H/B21074,0001F11000000000GBJ9,74122
H/B22044,0001F11000000000GBJB,74123
H/B22092,0001F11000000000GBJD,74124
H/B22132,0001F11000000000GBJF,74125
H/B22620,0001F11000000000GBJH,74127
H/B23335,0001F11000000000GBJJ,74128
H/B23468,0001F11000000000GBJL,74129
H/B27550,0001F11000000000GBJN,74130
H/B18348,0001F11000000000GBID,74100
H/B18427,0001F11000000000GBIF,74102
H/B24213,0001F11000000000GBJP,74132
H/B18394,0001F11000000000GBJR,74133
H/B18397,0001F11000000000GBJT,74134
H/B18537,0001F11000000000GBJV,74135
756001,0001F11000000000GBJX,74136
756006,0001F11000000000GBJZ,74137
756019,0001F11000000000GBK1,74138
756055,0001F11000000000GBK3,74140
756056,0001F11000000000GBK5,74141
756060,0001F11000000000GBK7,74143
756379,0001F11000000000GBK9,74146
756383,0001F11000000000GBKB,74148
756979,0001F11000000000GBKD,74149
7560052,0001F11000000000GBKF,74150
BTK20107,0001F11000000000GBKH,74151
BTK20122,0001F11000000000GBKJ,74152
BTK575092,0001F11000000000GBKL,74156
BTK606123,0001F11000000000GBKN,74157
BTK675015,0001F11000000000GBKP,74158
BTK675028,0001F11000000000GBKR,74159
BTK911077-30,0001F11000000000GBKT,74161
BTK915038,0001F11000000000GBKV,74162
BTK915040,0001F11000000000GBKX,74163
BTK915060,0001F11000000000GBKZ,74164
BTK921066,0001F11000000000GBL1,74165
BTK975330,0001F11000000000GBL3,74167
TF605,0001F11000000000GBL5,74168
HY-0040,0001F11000000000GBL7,74169
HY-0131,0001F11000000000GBL9,74170
HY-0495,0001F11000000000GBLB,74173
HY-0500,0001F11000000000GBLD,74174
HY-0560,0001F11000000000GBLF,74175
HY-0566,0001F11000000000GBLH,74176
HY-0856,0001F11000000000GBLJ,74178
HY-0878,0001F11000000000GBLL,74179
HY-0884,0001F11000000000GBLN,74180
HY-0910,0001F11000000000GBLP,74181
HY-0914,0001F11000000000GBLR,74182
SN532581,0001F11000000000GBLT,74184
SN555381,0001F11000000000GBLV,74185
060921,0001F11000000000GBLX,391296
1501,0001F11000000000GBLZ,74196
8007,0001F11000000000GBM1,74197
8212,0001F11000000000GBM3,74198
8801,0001F11000000000GBM5,74200
9815296,0001F11000000000GBM7,74202
936947,0001F11000000000GBM9,74203
060228-C,0001F11000000000GBMB,74204
400-550051,0001F11000000000GBMD,74205
AB-0048,0001F11000000000GBMF,74206
H/F51312,0001F11000000000GBMH,74209
H/F51323,0001F11000000000GBMJ,74210
LY-2001,0001F11000000000GBML,74212
LY-6012,0001F11000000000GBOJ,74214
NH2303,0001F11000000000GBOL,74215
SC3009,0001F11000000000GBON,74216
SC3013,0001F11000000000GBOP,74217
SC3023,0001F11000000000GBOR,74219
XM-031,0001F11000000000GBOT,74220
XM-064,0001F11000000000GBOV,74221
H/B25260,0001F110000000054HI8,2355142
H/B22146,0001F110000000054HI2,2355046
H/B24697,0001F11000000000SHJS,563308
BL-667,0001F11000000000SHJY,563395
FJMT-8,0001F11000000000SHK4,563482
DW-701166,0001F11000000000SHKA,563569
NH-7163,0001F11000000000SHKG,563656
TG95316,0001F11000000000SHKM,563743
七匹狼A级梗丝料基-01,0001F11000000000VNO8,620092
七匹狼(白)小线料基-01,0001F11000000000VNNW,619841
七匹狼(白)香基-01,0001F11000000000VNOE,620329
七匹狼(白)大线料基-01,0001F11000000000VNO2,620005
FL-1,0001F11000000000VNOS,620783
JM 20105,0001F11000000001D0Z5,793729
NH1012,0001F11000000001D0ZB,793818
JM20105(勿选择),0001F11000000001FS7V,886328
HY-0933,0001F11000000001FSAK,887073
HY-0938,0001F11000000001FSAQ,887160
HY-0980,0001F11000000001FSAW,887247
BL-6139,0001F110000000054HIE,2355238
SF63013,0001F110000000054HIK,2355334
烟用香精退料(龙岩),0001F11000000001OGQ1,1111177
HY-0957,0001F11000000001RDSZ,1143051
BL-6113,0001F11000000001RDTE,1143241
JY-02816,0001F11000000001RDTK,1143338
JY-02718,0001F11000000001RDTQ,1143430
NH-1013,0001F11000000001RDTY,1143522
JK-7,0001F11000000001RUGN,1154773
JK-9,0001F11000000001RUGT,1154866
HY27001702,0001F11000000001SU5L,1170066
HY40012102,0001F11000000001SU5R,1170377
H/B24370,0001F11000000001TSNN,1174737
H/B25012,0001F11000000001TSNT,1174975
H/B25013,0001F11000000001TSNZ,1175067
H/B25014,0001F11000000001TSO7,1175159
H/B25010,0001F11000000001TSOD,1175251
H/B24898,0001F11000000001TSOK,1175489
H/B24960,0001F11000000002002A,1280906
H/B21161,0001F11000000002002P,1280998
H/B25016,0001F11000000002002X,1281090
H/B25011,0001F110000000020033,1281182
H/B24961,0001F110000000020039,1281274
H/B25009,0001F11000000002003G,1281383
HY-0960,0001F11000000002003M,1281475
H/B21263,0001F110000000021TJ5,1292809
H/B25071,0001F110000000021TJB,1292901
H/B25072,0001F110000000021TJH,1292993
HY27001701,0001F110000000021TJN,1293088
HY40012103,0001F110000000021TJT,1293181
"石狮(沉香,龙岩)香基",0001F110000000023399,1317316
"石狮(沉香,龙岩)料基",0001F11000000002339I,1317449
"七匹狼(豪情,厦门)料基",0001F11000000002CDU3,1422345
"七匹狼(豪情,厦门)香基",0001F11000000002CDU9,1422440
956039,0001F11000000002D4Q4,1440513
HB24370,0001F11000000002GK0T,1528008
HB24898,0001F11000000002GK1F,1528502
H/B24979,0001F11000000002GK1L,1528595
H/B24278,0001F11000000002GK21,1528688
H/B24369,0001F11000000002GK27,1528801
H/B25008,0001F11000000002GK2D,1528894
BL-6263,0001F11000000002GK2L,1528986
七匹狼(白)香基1,0001F11000000002IGQJ,1550472
七匹狼(白)料基2,0001F11000000002IGQV,1550595
七匹狼(白)料基1,0001F11000000002IGR1,1550794
七匹狼(白)表基,0001F11000000002IGR8,1550903
七匹狼(白)里料,0001F11000000002IGRE,1550995
七匹狼(白)梗丝料,0001F11000000002IGRK,1551088
BL-0693,0001F11000000002JN1N,1569816
H/B25158,0001F11000000002JN1T,1569908
H/B25099,0001F11000000002NAHR,1642338
H/B25117,0001F11000000002NAHZ,1642430
H/B25160,0001F11000000002NAI5,1642522
H/B21524,0001F11000000002O4GX,1664045
BL-6131,0001F11000000002UX9X,1872511
H/B24628,0001F110000000031VBK,2015556
H/B25170,0001F110000000031VBQ,2015648
H/B21671,0001F110000000031VBW,2015740
H/B25196,0001F110000000031VC2,2015832
H/B25178,0001F110000000031VC8,2015924
H/B25216,0001F110000000031VCE,2016016
H/B25217,0001F110000000031VCK,2016108
H/B25212,0001F110000000031VCX,2016260
H/B25213,0001F110000000031VD3,2016354
H/B25214,0001F110000000031VD9,2016446
H/B25215,0001F110000000031VDG,2016555
756071,0001F110000000031VDM,2016647
SF62916,0001F110000000031VDS,2016739
"七匹狼(通泰,厦门,软包硬化)料基",0001F110000000032AWD,2038101
"七匹狼(通泰,厦门,软包硬化)香基",0001F110000000032AWJ,2038193
JK-9B,0001F11000000003DI1S,2242073
JK-9C,0001F11000000003DI1Y,2242165
756073,0001F11000000004CP31,2293804
HY-1123,0001F1100000000BKBMU,4774984
H/B24106,0001F11000000005AF9Y,2384954
H/B25323,0001F11000000005AFA4,2385050
H/B25324,0001F11000000005AFAA,2385146
H/B25325,0001F11000000005AFAG,2385242
SF20734,0001F11000000005AFAR,2385406
H/B25000,0001F11000000005JX11,2464665
H/B25006,0001F11000000005JX26,2464762
H/B25015,0001F11000000005JX3A,2464859
H/B25326,0001F11000000005JX4H,2464958
H/B25327,0001F11000000005JXEH,2465068
H/B25335,0001F11000000005JXF7,2465166
SF64002,0001F11000000005TFGL,2552583
SF64003,0001F11000000005TFGR,2552681
FJZY-FF-01,0001F1100000000686Y6,2810077
FJZY-FF-02,0001F1100000000686YC,2810174
FJZY-FF-03,0001F1100000000686YI,2810271
FJZY-FF-04,0001F1100000000686YU,2810368
FJZY-FF-05,0001F1100000000686Z0,2810531
FJZY-FF-06,0001F1100000000686Z8,2810628
FJZY-FF-07,0001F1100000000686ZE,2810725
SF61501,0001F11000000006AG8Q,2855992
HY-1116,0001F1100000000GJ03A,6379484
H/B23655,0001F1100000000GJ03I,6379592
H/B22911,0001F1100000000GJ03O,6379698
H/B22966,0001F1100000000GJ03W,6379804
956071,0001F11000000006XR15,3173128
956072,0001F11000000006XR1B,3173225
H/B25661,0001F11000000006Y70H,3179126
H/B25741,0001F11000000006Y70W,3179242
H/B25742,0001F11000000006Y713,3179340
H/B25662,0001F11000000006Y719,3179438
H/B25663,0001F11000000006Y71J,3179536
H/B24938,0001F11000000006Y71T,3179636
BL-6200,0001F11000000006Y728,3179733
BL-6201,0001F11000000006Y72E,3179830
石狮(软富健)料基-1,0001F11000000007A8GH,3318249
石狮(软富健)香基-1,0001F11000000007A8GN,3318346
H/B25490,0001F11000000007D6DJ,3383853
H/B25665,0001F11000000007GYLL,3408692
756072,0001F11000000007GYM3,3408939
H/B22271,0001F11000000007NBAN,3485708
H/B25486,0001F11000000007NBB0,3486008
H/B25489,0001F11000000007NBB6,3486105
NH-2306,0001F11000000007NBBC,3486202
98316,0001F11000000007NBBI,3486300
红狼B线料基,0001F11000000008DP7J,3746969
红狼C线料基,0001F11000000008DP7T,3747068
七匹狼(白)表香添加剂,0001F11000000008DP7Z,3747167
HG-223,0001F11000000008T39D,3842491
H/B22493,0001F11000000008VX3D,3860061
HY-0926,0001F11000000008VX3J,3860160
H/B22605,0001F11000000009T7NI,4205728
H/B22614,0001F11000000009T7PG,4205827
HY-0630,0001F1100000000A1TTL,4275804
HY-1144,0001F1100000000A1TTR,4275904
556071,0001F1100000000ANM01,4409510
656039,0001F1100000000ANM0F,4409610
756002,0001F1100000000ANM0O,4409710
756003,0001F1100000000ANM0U,4409810
756005,0001F1100000000ANM10,4409910
956132,0001F1100000000ANM16,4410010
956133,0001F1100000000ANM1C,4410110
956135,0001F1100000000ANM1N,4410210
956136,0001F1100000000ANM1T,4410310
956137,0001F1100000000ANM1Z,4410410
956139,0001F1100000000ANM26,4410524
956150,0001F1100000000ANM2C,4410624
5-14,0001F1100000000ANM2I,4410724
FF-B-19-1,0001F1100000000ANM2R,4410824
956138,0001F1100000000AOZ7V,4444346
956151,0001F1100000000AOZ81,4444446
656050,0001F1100000000AOZ87,4444546
七匹狼(红)表香香基,0001F1100000000AOZ93,4444646
七匹狼(红)A线料基,0001F1100000000AOZ9D,4444746
七匹狼(红)B线料基,0001F1100000000AOZ9J,4444903
H/B30064,0001F1100000000B4TVZ,4577093
H/B22944,0001F1100000000B4TWA,4577194
H/B24936,0001F1100000000B4TY6,4577492
H/B18354,0001F1100000000B4TZP,4577606
H/B30108,0001F1100000000BFMOC,4713063
H/B30117,0001F1100000000BFMOI,4713163
FJLY-01,0001F1100000000D2BAZ,5294570
FJLY-02,0001F1100000000D2BB5,5294670
FJXY-01,0001F1100000000D2BBF,5294771
HY-1119,0001F1100000000D5PRC,5305651
HY-1151,0001F1100000000D5PRI,5305751
HY-1152,0001F1100000000D5PRO,5305851
HY-1155,0001F1100000000D5PRV,5305951
H/B22977,0001F1100000000D5PS3,5306051
H/B30139,0001F1100000000D5PS9,5306151
SF00142,0001F1100000000DDCUA,5348517
SF00139,0001F1100000000DDCUJ,5348617
SF24333,0001F1100000000DDCUP,5348717
H/B30230,0001F1100000000DDCUV,5348817
H/B30231,0001F1100000000DDCV1,5348917
H/B30232,0001F1100000000E0TX9,5533150
H/F12058,0001F1100000000E0TXI,5533250
JSZX-002,0001F1100000000E1BW2,5537439
七匹狼(白)大线料基(2),0001F1100000000E7FZV,5601652
七匹狼(白)表香香基(2),0001F1100000000E7G01,5601752
七匹狼(白)小线料基(2),0001F1100000000E7FZP,5601552
七匹狼(白)梗线料基,0001F1100000000E8YE7,5631542
HY-1160,0001F1100000000EHSAV,5699907
HY-0645,0001F1100000000EHSB1,5700007
H/B22909,0001F1100000000EHSB7,5700109
TG980416-A,0001F1100000000EMEAD,5735049
TG220707-B,0001F1100000000EMEAJ,5735149
H/B30223,0001F1100000000EPEET,5771338
DW-130366,0001F1100000000EVEFC,5833815
DW-130866,0001F1100000000EVEFI,5833915
H/B25409,0001F1100000000F045Y,5860339
956024,0001F1100000000F0464,5860441
H/B23585,0001F1100000000FBFCN,5961134
H30309,0001F1100000000FBFCT,5961235
H/B23858,0001F1100000000FDRWE,5979908
JSZX-003,0001F1100000000FDRWK,5980008
JSZX-004,0001F1100000000H6WC5,6820676
七匹狼(豪运)香基(旧),0001F1100000000HJKTH,6996210
JSZX-005,0001F1100000000HXPB3,7212630
H/B23637,0001F1100000000I7A1N,7294036
H/B23648,0001F1100000000I7A1T,7294142
956233,0001F1100000000I7A1Z,7294248
酒精(龙岩),0001F11000000000KVMP,433103
丙二醇,0001F11000000000GC5K,74225
山梨酸钾,0001F11000000000GC5M,74231
保润剂A,0001F11000000000GC96,74224
SC3005,0001F11000000000GCBL,74223
蜂蜜,0001F11000000000GBOX,74226
甘油,0001F11000000000GBOZ,74227
酒精(厦门),0001F11000000000GBP1,74228
润宝A,0001F11000000000GBP3,74229
山梨醇,0001F11000000000GBP5,74230
生津素,0001F11000000000GBP7,74232
药用丙二醇,0001F11000000000GBP9,74233
薄荷脑,0001F11000000007RB5W,3513801
油墨-金红,0001F11000000000GBPB,74234
油墨-青红,0001F11000000000GBPE,74235
油墨-金桥红,0001F11000000000GBPH,74236
油墨-万宝路黑,0001F11000000000GBPK,74237
油墨-万宝路黑-1,0001F1100000000B7TS3,4620981
碳带(AVERY机用),0001F11000000000KVW8,437031
标签纸(托盘打码专用),0001F11000000000GC3S,74247
碳带110mm(手动贴标机用),0001F11000000000GC5O,74238
标签纸(一号工程自动),0001F11000000000GC5Q,74244
标签纸(一号工程手动),0001F11000000000GCBN,74245
碳带(烟叶),0001F11000000000GCC6,391698
不干胶合格证(烟叶),0001F11000000000GCCX,391619
碳带110mm,0001F11000000000GBPN,74239
不干胶合格证1,0001F11000000000GBPP,74240
打码标签(马肯机用),0001F11000000000GBPR,74241
打码标签(AVERY机用),0001F11000000000GBPT,74242
碳带(马肯机用),0001F11000000000GBPV,74243
标签纸(片烟包专用),0001F11000000000GBPX,74246
碳带(一号工程自动),0001F11000000000GBPZ,74248
碳带(一号工程手动),0001F11000000000GBQ1,74249
碳带(片烟包专用)),0001F11000000000GBQ3,74250
SCHMIDT碳带(托盘打码专用),0001F11000000000GBQ5,74251
小打码标签(马肯机用),0001F11000000000VNQC,621291
"打码标签(马肯机用,竖)",0001F11000000001S9Y9,1160914
"碳带(马肯机用,竖)",0001F11000000001S9YH,1161006
烟丝箱(龙岩),0001F11000000000GC43,74261
咀棒盒盖,0001F11000000000GC5S,74254
咀棒盒盖(万宝路软白),0001F11000000000GC5U,74260
100mm咀棒盒,0001F11000000000GC5W,74269
烟丝袋,0001F11000000000GC5Y,74274
七匹狼烟丝箱标签,0001F11000000000GCAF,394855
咀棒盒(万宝路软白),0001F11000000000GCBP,74259
检验封箱标签,0001F11000000000GCCJ,394942
万宝路烟丝箱标签,0001F11000000000GCE6,395346
垫片,0001F11000000000GBQ7,74252
咀棒盒,0001F11000000000GBQ9,74253
咀棒盒(普通),0001F11000000000GBQB,74255
咀棒盒盖(普通),0001F11000000000GBQD,74256
咀棒盒(万宝路软红),0001F11000000000GBQF,74257
咀棒盒盖(万宝路软红),0001F11000000000GBQH,74258
万宝路烟丝箱,0001F11000000000GBQJ,74262
烟丝箱标签(ET167),0001F11000000000GBQL,74263
烟丝箱标签(ML516),0001F11000000000GBQN,74264
50条装周转箱,0001F11000000000GBQT,74267
烟丝箱(厦门),0001F11000000000GBQV,74268
塑料防水袋,0001F11000000000GBQX,74270
片烟箱内衬袋,0001F11000000000GBQZ,74271
烟梗袋,0001F11000000000GBR1,74272
烟丝箱塑料袋,0001F11000000000GBR3,74273
烟丝袋(万宝路),0001F11000000000GBR5,74275
麻袋,0001F11000000000GBR7,74276
烟丝箱标签(SE055),0001F11000000000GBQP,74265
片烟包装箱,0001F11000000000GBQR,74266
咀棒盒标签纸,0001F11000000007BVPO,3360103
纸滑托盘（成品）,0001F1100000000FFKC1,6001175
纸滑托盘（辅料）,0001F1100000000FFKCA,6001281
双面胶-1,0001F11000000000GBR9,74277
双面胶-2,0001F11000000000GBRC,74278
双面胶-3,0001F11000000000GBRF,74279
不干胶接头-2 (87mm*35mm),0001F11000000001HZUA,936699
不干胶接头-1 (102mm*35mm),0001F11000000001HZU4,936612
不干胶接头-3 (340mm*25mm),0001F11000000001HZUQ,937060
不干胶接头-4 (110mm*20mm),0001F11000000001HZV8,937459
不干胶接头-5 (15mm*19mm),0001F11000000001HZVK,937627
不干胶接头-6(320mm*25mm),0001F11000000001HZVU,937837
七匹狼(纯雅)插卡LN,0001F1100000000971HK,4115530
试制小盒,0001F11000000000S5Z0,562007
土楼(软)接装纸,0001F11000000000S5Z7,562094
试制白盒小盒,0001F11000000000GC60,74281
七匹狼评吸条盒,0001F11000000000GC62,74286
白小包,0001F11000000000GC64,74291
20mm细支烟条盒白盒,0001F11000000000GC98,74288
七匹狼评吸小盒,0001F11000000000GC8R,74287
金桥评吸(白珠光)条盒,0001F11000000000GCBR,74283
试制白盒条盒,0001F11000000000GBRI,74280
金桥评吸(红珠光)条盒,0001F11000000000GBRK,74282
金桥评吸(白珠光)小盒,0001F11000000000GBRM,74284
金桥评吸(红珠光)小盒,0001F11000000000GBRO,74285
20mm细支烟小盒白盒,0001F11000000000GBRQ,74289
白小盒,0001F11000000000GBRS,74290
白条盒(硬),0001F11000000000GBRU,74292
白条盒(软),0001F11000000000GBRW,74293
白烟箱(软),0001F11000000000GBRY,74294
白烟箱(硬),0001F11000000000GBS0,74295
七匹狼(纯雅)插卡,0001F110000000054E55,2351295
试制三十六小包,0001F110000000054HG3,2354398
试制三十六条盒,0001F110000000054HG9,2354495
试制三十六烟箱,0001F110000000054HGF,2354591
土楼(软)内衬纸,0001F11000000000S5ZH,562198
土楼(软)封签,0001F11000000000S5ZP,562285
土楼(软)礼盒烟箱,0001F11000000000S600,562484
1mg金桥礼盒,0001F11000000001PC1S,1125136
海堤小包,0001F11000000001PC1Y,1125228
海堤礼盒,0001F11000000001PC24,1125320
海堤封签,0001F11000000001PC2A,1125412
试制小盒,0001F110000000022Q79,1299274
试制小盒,0001F110000000022Q7H,1299366
试制小盒,0001F110000000022Q7N,1299458
试制小盒,0001F110000000022Q7T,1299551
试制小盒,0001F110000000022Q7Z,1299643
试制小盒,0001F110000000022Q85,1299735
试制小盒,0001F110000000022Q8B,1299827
试制小盒,0001F110000000022Q8H,1299919
试制小盒,0001F110000000022Q8N,1300011
试制三十一小包,0001F110000000022Q8T,1300103
试制条盒,0001F110000000022Q91,1300216
试制条盒,0001F110000000022Q9D,1300308
试制条盒,0001F110000000022Q9M,1300400
试制条盒,0001F110000000022Q9U,1300492
试制条盒,0001F110000000022QA0,1300584
试制条盒,0001F110000000022QA6,1300676
试制二十六条盒,0001F110000000022QAC,1300768
试制条盒,0001F110000000022QAL,1300897
试制条盒,0001F110000000022QAR,1300989
试制条盒,0001F110000000022QAX,1301081
试制条盒,0001F110000000022QB3,1301173
试制条盒,0001F110000000022QB9,1301265
试制烟箱,0001F110000000022Y3Y,1311821
试制烟箱,0001F110000000022Y44,1311913
试制烟箱,0001F110000000022Y4A,1312005
试制烟箱,0001F110000000022Y4G,1312097
试制烟箱,0001F110000000022Y4M,1312189
试制烟箱,0001F110000000022Y4U,1312281
试制烟箱,0001F110000000022Y57,1312389
试制烟箱,0001F110000000022Y5L,1312482
试制烟箱,0001F110000000022Y63,1312576
试制烟箱,0001F110000000022Y69,1312668
试制三十一烟箱,0001F110000000022Y6F,1312760
七匹狼(蓝)插卡,0001F11000000002AAJB,1388760
试制小盒,0001F11000000002H561,1534172
试制条盒,0001F11000000002H567,1534264
试制烟箱,0001F11000000002H56D,1534356
白烟箱(软包硬化),0001F11000000002T8N1,1769335
外购滤棒样品,0001F11000000002TSFL,1818294
试制小盒,0001F11000000002ZKU2,1938398
试制条盒,0001F11000000002ZKU8,1938490
20支装单张内衬纸(74mm),0001F11000000002ZKUI,1938597
20支装单张框架纸(74mm),0001F11000000002ZKUR,1938714
小盒单张薄膜(20支装，74mm),0001F11000000002ZKV4,1938844
条盒单张薄膜(20支装，74mm),0001F11000000002ZKVC,1938936
白小盒(品鉴),0001F1100000000309EJ,1957995
白条盒(品鉴),0001F1100000000309EP,1958091
试制小盒,0001F110000000032UO6,2057603
试制条盒,0001F110000000032UOF,2057695
试制烟箱,0001F110000000032UOL,2057787
七匹狼(大通仙)白小盒,0001F110000000032XLV,2063699
七匹狼(74mm大通仙)白小盒,0001F110000000032XM1,2063793
试制条盒,0001F110000000032XM7,2063886
试制条盒,0001F110000000032XMD,2063978
大通仙书型两盒装(一大一小),0001F110000000032XMJ,2064070
大通仙方型两盒装(一大一小),0001F110000000032XMP,2064162
七匹狼(大通仙)白条盒,0001F1100000000333P2,2064839
七匹狼(74mm大通仙)白条盒,0001F1100000000333P8,2064931
大通仙专用烟箱,0001F1100000000333PG,2065023
74mm大通仙专用烟箱,0001F1100000000333SO,2065296
大通仙白包书型两盒装(两小),0001F110000000036HO9,2164918
试制条盒,0001F110000000036HOF,2165010
大通仙书型两盒装(两小),0001F110000000036HOR,2165146
大通仙方型两盒装(两小),0001F110000000036HOX,2165238
白小盒(品鉴)-1,0001F11000000003BN8M,2239638
白条盒(品鉴)-1,0001F11000000003BN8S,2239730
七匹狼(74mm大通仙)白条盒-A,0001F11000000005AB1D,2380246
试制二十九(16支)烟箱,0001F11000000005G5U0,2426556
试制三十五条盒,0001F11000000005IQKU,2450639
试制三十五小盒,0001F11000000005IQL0,2450736
试制三十五烟箱,0001F11000000005IQL6,2450833
大通仙书型两盒装(两大),0001F11000000005K467,2468298
大通仙防伪标签,0001F11000000005KOSN,2470354
试制小盒,0001F11000000005W0P9,2577364
试制条盒,0001F11000000005W0PF,2577461
试制条盒,0001F11000000005W0PL,2577558
试制小盒,0001F11000000005W0PR,2577655
62mm压纹金色内衬纸,0001F1100000000GMAR8,6449512
70mm黄金卡框架纸,0001F1100000000GMARM,6449720
试制三十八小盒,0001F11000000006W5F5,3135906
试制三十八条盒,0001F11000000006W5FE,3136003
试制三十八烟箱,0001F11000000006WB5H,3137047
试制小盒,0001F11000000007BAND,3338907
试制条盒,0001F11000000007BANJ,3339019
试制烟箱,0001F11000000007BANP,3339116
试制四十小盒,0001F11000000007GZY3,3409842
试制四十条盒,0001F11000000007GZYC,3410013
试制四十烟箱,0001F11000000007GZYP,3410177
试制四十一小盒,0001F11000000007ZASL,3616143
试制四十一条盒,0001F11000000007ZASU,3616242
试制四十一烟箱,0001F11000000007ZAT4,3616341
试制四十二小盒,0001F11000000007ZATA,3616440
试制四十二条盒,0001F11000000007ZATG,3616539
试制四十二烟箱,0001F11000000007ZATM,3616638
试制四十三小盒,0001F11000000007ZATS,3616737
试制四十三条盒,0001F11000000007ZATY,3616836
试制四十三烟箱,0001F11000000007ZAU4,3616935
七匹狼(纯雅)插卡SC,0001F110000000087T6C,3709886
试制四十四小盒,0001F11000000008BDP9,3733860
试制四十四条盒,0001F11000000008BDPF,3733980
试制小盒,0001F11000000008FAZ2,3751171
试制小盒,0001F11000000008FCJU,3751270
试制小盒,0001F11000000008FCLB,3751369
试制条盒,0001F11000000008FCMU,3751468
试制条盒,0001F11000000008FCOK,3751567
试制条盒,0001F11000000008FCQQ,3751666
试制烟箱,0001F11000000008FCT2,3751765
试制烟箱,0001F11000000008FCUI,3751864
试制烟箱,0001F11000000008FCYY,3751963
试制烟箱,0001F11000000008FD90,3752062
试制条盒,0001F1100000000BZ243,5012119
试制白小包,0001F1100000000BZ249,5012219
七匹狼(纯雅)内衬纸(ZB-10),0001F1100000000A1OQY,4272684
浅金色内衬纸(ZB-10),0001F1100000000A1ORJ,4272961
70mm金卡框架纸,0001F1100000000A1OT7,4273061
七匹狼(通仙300)小盒(GDX2),0001F1100000000A1PP5,4273188
七匹狼(通仙300)条盒(GDX2),0001F1100000000A1PXC,4273315
七匹狼(纯境)条盒(GDX2),0001F1100000000AYSGS,4488538
七匹狼(纯境)小盒(GDX2),0001F1100000000AYSGY,4488639
七匹狼(纯境)烟箱(GDX2),0001F1100000000AYSHC,4488795
七匹狼(通仙300)烟箱(GDX2),0001F1100000000AYSHI,4488895
试制白条盒(软),0001F1100000000BZ24F,5012319
七匹狼(通仙)小包-S,0001F1100000000GO2YC,6465885
七匹狼(通运)小包-S,0001F1100000000GO2YK,6466828
七匹狼(尚品)小包-S,0001F1100000000GO32Y,6467047
土楼(神韵)小盒-S,0001F1100000000GO5QF,6467153
七匹狼(纯境)小盒-S,0001F1100000000GO70N,6467350
七匹狼(纯香)小盒-S,0001F1100000000GO711,6467456
七匹狼(纯雅)小盒-S,0001F1100000000GO717,6467694
七匹狼(纯雅)小盒-10,0001F1100000000GO71D,6467800
七匹狼(红)小盒(龙岩)-S,0001F1100000000GO71P,6467963
七匹狼(小通仙)小包-S,0001F1100000000GO71W,6468183
七匹狼(纯尚)小盒-S,0001F1100000000GO728,6468290
七,0001F1100000000GO72E,6468494
七匹狼(君如意)小盒-10,0001F1100000000GO72K,6468600
七匹狼(厦门)小盒-S,0001F1100000000GO72Z,6468866
七匹狼(通仙)条盒-S,0001F1100000000GO738,6468973
七匹狼(通运)条盒-S,0001F1100000000GO73K,6469162
七匹狼(尚品)条盒-S,0001F1100000000GO73W,6469268
土楼(神韵)条盒-S,0001F1100000000GO742,6469451
七匹狼(纯境)条盒-S,0001F1100000000GO748,6469557
七匹狼(纯香)条盒-S,0001F1100000000GO74H,6469664
七匹狼(纯雅)条盒-S,0001F1100000000GO74V,6469846
七匹狼(纯雅)条盒-10,0001F1100000000GO75R,6470034
七匹狼(红)条盒(龙岩)-S,0001F1100000000GO76C,6470141
七匹狼(小通仙)条盒-S,0001F1100000000GO76I,6470247
七匹狼(纯尚)条盒-S,0001F1100000000GO76O,6470353
1234,0001F1100000000GO76X,6470459
七匹狼(君如意)条盒-10,0001F1100000000GO779,6470647
七匹狼(厦门)条盒-S,0001F1100000000GO77F,6470755
七匹狼(通仙)烟箱-S,0001F1100000000GO77L,6470861
七匹狼(通运)烟箱-S,0001F1100000000GO77Z,6471084
七匹狼(尚品)烟箱-S,0001F1100000000GO78L,6471190
土楼(神韵)烟箱-S,0001F1100000000GO813,6471378
七匹狼(纯境)烟箱-S,0001F1100000000GO81C,6471509
七匹狼(纯香)烟箱-S,0001F1100000000GO81M,6471616
七匹狼(纯雅)烟箱-S,0001F1100000000GO82C,6471722
七匹狼(纯雅)烟箱-10,0001F1100000000GO82K,6471911
七匹狼(红)烟箱(龙岩)-S,0001F1100000000GO82W,6472099
七匹狼(小通仙)烟箱-S,0001F1100000000GO832,6472206
七匹狼(通,0001F1100000000GO838,6472312
七匹狼(君如意)烟箱-10,0001F1100000000GO83E,6472418
七匹狼(纯尚)烟箱-S,0001F1100000000GO83K,6472524
七匹狼(厦门)烟箱-S,0001F1100000000GO84V,6472718
七匹狼(74mm大通仙)小盒-Z,0001F1100000000GO8H7,6476256
七匹狼(74mm大通仙)小盒-B,0001F1100000000GO8HE,6476369
七匹狼(大通仙)条盒-B,0001F1100000000GO8HQ,6476477
七匹狼(大通仙)条盒-Z,0001F1100000000GO8I1,6476698
七匹狼(大通仙)烟箱-B,0001F1100000000GO8ID,6476887
七匹狼(大通仙)烟箱-Z,0001F1100000000GO8IR,6477109
通仙300两盒装礼盒(通用版),0001F1100000000BEI0A,4699702
通仙300两盒装礼盒(客家版),0001F1100000000BEI0G,4699897
试制小盒,0001F1100000000BZ23X,5012019
七匹狼(通仙纯)小盒-S,0001F1100000000FQAMS,6107517
七匹狼(通仙纯)条盒-S,0001F1100000000FQAMY,6107623
七匹狼(通仙纯)烟箱-S,0001F1100000000FQAN6,6107729
七匹狼(翠碧一号)小盒-S,0001F1100000000HWO43,7199503
七匹狼(翠碧一号)条盒-S,0001F1100000000HWO49,7199609
七匹狼(翠碧一号)烟箱-S,0001F1100000000HWO4F,7199715
七匹狼(大富贵)小盒-10,0001F1100000000IHBJI,7390340
七匹狼(大富贵)条盒-10,0001F1100000000IHBJR,7390448
七匹狼(大富贵)烟箱-10,0001F1100000000IHBJY,7390582
七匹狼(通仙)条盒-B,0001F1100000000ILB6F,7427916
七匹狼(通仙)烟箱-B,0001F1100000000ILB6R,7428058
七匹狼(通仙境)小盒-S,0001F1100000000ILB70,7428164
七匹狼(通仙境)条盒-S,0001F1100000000ILB76,7428270
七匹狼(通仙境)烟箱-S,0001F1100000000ILB7C,7428376
20支装条透,0001F11000000000GBSC,74302
热缩袋145*280mm,0001F11000000000GBSE,74304
金桥(英伦奶香，礼盒)单张条包膜,0001F11000000000GBSG,74306
单张银色内衬纸(英伦奶香礼盒),0001F11000000000GBSI,74309
单张白卡纸(英伦奶香礼盒),0001F11000000000GBSK,74310
350mm(平张),0001F11000000000GBS6,74299
350mm(激光平张),0001F11000000000GBS8,74300
20支装小透,0001F11000000000GBSA,74301
试制条盒,0001F11000000000KVQ2,434522
专用礼品盒,0001F11000000000KVON,433951
试制纸袋,0001F11000000006B5RJ,2871374
七匹狼(厦门)礼盒,0001F11000000006GBSV,2908505
七匹狼(雅典)封套,0001F11000000000UE9Z,607546
七匹狼(雅典)硫酸衬纸,0001F11000000000UEA5,607633
七匹狼(雅典)专用小盒平张膜(含拉线),0001F11000000000UEAB,607720
七匹狼(雅典)专用条盒平张膜(含拉线),0001F11000000000UEAH,607807
金桥(英伦奶香，礼盒)条包装纸,0001F11000000000GC45,74308
340mm(激光平张),0001F11000000000GC66,74298
(圣典)平张,0001F11000000000GC68,74303
七匹狼(圣典)防伪标签,0001F11000000000GCAH,395028
金桥(英伦奶香，礼盒)单张小包膜,0001F11000000000GCBT,74305
金桥(英伦奶香，礼盒)盒包装纸,0001F11000000000GCBV,74307
七匹狼(雅典)小盒仿伪标签,0001F11000000000GCDB,395107
七匹狼(雅典)条盒仿伪标签,0001F11000000000GCDD,395186
厦门(珍品)内胆,0001F11000000000GCDN,390181
手工烟膜(FS4),0001F11000000000GBS2,74296
340mm(平张),0001F11000000000GBS4,74297
马口铁彩印礼品盒,0001F11000000000NIVW,515930
土楼礼盒封套,0001F11000000001JYEF,1059235
329mm(平张),0001F11000000001K9VC,1061828
礼盒(ZQ),0001F11000000001SU59,1169974
试制小盒,0001F110000000022QBJ,1301357
试制条盒,0001F110000000022QBP,1301449
小盒单张薄膜(10支装),0001F110000000022QC6,1301641
条盒单张薄膜(10支装),0001F110000000022QCC,1301733
试制烟箱,0001F110000000022QCK,1301825
七匹狼(通仙)10支装单张内衬纸,0001F110000000022QCQ,1301917
七匹狼(通仙)10支装单张框架纸,0001F110000000022QCY,1302030
七匹狼(通仙)小盒(16支装),0001F1100000000254SO,1332507
七匹狼(通仙)16支装单张内衬纸,0001F1100000000254TT,1333064
七匹狼(通仙)条盒(16支装),0001F1100000000254SU,1332599
烟模小包(通泰),0001F11000000002SUIA,1757996
小盒单张薄膜(16支装),0001F1100000000254T0,1332692
条盒单张薄膜(16支装),0001F1100000000254TA,1332828
七匹狼(通仙)16支装礼盒烟箱,0001F1100000000254TL,1332946
七匹狼(通仙)16支装单张框架纸,0001F1100000000254TZ,1333182
三两装茶叶盒,0001F110000000028T1T,1378684
七匹狼(通仙)两包两泡装礼盒,0001F110000000028T1Z,1378776
七匹狼(通仙)两条装礼盒,0001F110000000028T2P,1378889
10支装上胶板,0001F110000000028T2Z,1378981
16支装上胶板,0001F110000000028T35,1379073
16支装木模,0001F110000000028T3B,1379165
10支装木模,0001F110000000028T3H,1379257
试制小盒,0001F11000000002FF3R,1502961
七匹狼(通泰)小盒(16支装),0001F11000000002FF3X,1503053
七匹狼(通泰)条盒(10支装),0001F11000000002FF46,1503145
七匹狼(通泰)条盒(16支装),0001F11000000002FF4F,1503237
试制烟箱,0001F11000000002FF4L,1503329
七匹狼(通泰)16支装礼盒烟箱,0001F11000000002FF4R,1503421
试制单张内衬纸,0001F11000000002FF4Y,1503513
七匹狼(通泰)16支装单张内衬纸,0001F11000000002FF59,1503607
试制单张框架纸,0001F11000000002FF5H,1503699
七匹狼(通泰)16支装单张框架纸,0001F11000000002FF5N,1503791
七匹狼(通运)两条装礼盒,0001F11000000002KOES,1605540
340mm(微收缩平张),0001F11000000002IY2P,1557214
封条机,0001F11000000002JGUY,1564801
七匹狼(通仙)两条装礼盒专用纸袋,0001F11000000002JGWG,1564909
七匹狼(通仙)扁小盒(20支装),0001F11000000002JLNX,1569089
七匹狼(通仙)扁条盒(20支装),0001F11000000002JLO5,1569181
扁小盒单张薄膜(20支装),0001F11000000002JLOB,1569273
七匹狼(通运)两包装礼盒,0001F11000000002KOEE,1605356
七匹狼(通泰)两包装礼盒,0001F11000000002KOEM,1605448
七匹狼(通运)两条装礼盒专用纸袋,0001F11000000002KOF0,1605632
试制烟箱,0001F11000000002KOF6,1605724
试制小盒,0001F11000000002PMT5,1702965
试制条盒,0001F11000000002PMTD,1703057
试制烟箱,0001F11000000002PMTJ,1703149
烟模小包(通仙),0001F11000000002SUI4,1757904
84mm陈列品用滤棒,0001F11000000002T8L5,1769181
烟模小包(通运),0001F11000000002SUIG,1758088
白小包(软包硬化),0001F11000000002T8KO,1768922
烟模小盒(蓝狼),0001F11000000002SUIM,1758180
烟模条盒(通泰),0001F11000000002SUIU,1758272
白条盒(软包硬化),0001F11000000002T8KU,1769014
烟模条盒(通运),0001F11000000002SUJ2,1758364
烟模条盒(蓝狼),0001F11000000002SUJ8,1758456
七匹狼(大通仙)小盒-A,0001F110000000032UL2,2056195
七匹狼(大通仙)礼盒-A,0001F110000000032UL8,2056287
七匹狼(74mm大通仙)礼盒-A,0001F110000000032ULE,2056379
七匹狼(74mm大通仙)小盒-A,0001F110000000032ULR,2056471
试制内衬纸,0001F110000000032UM0,2056564
七匹狼(74mm大通仙)单张内衬纸-A,0001F110000000032UM6,2056657
七匹狼(74mm大通仙)单张薄膜,0001F110000000032UMC,2056749
七匹狼(大通仙)单张薄膜,0001F110000000032UMK,2056841
七匹狼(大通仙)礼盒烟箱-A,0001F110000000032UN4,2057235
七匹狼(74mm大通仙)礼盒烟箱-A,0001F110000000032UNA,2057327
七匹狼(大通仙)接装纸-A,0001F110000000032UNO,2057419
七匹狼(74mm大通仙)接装纸-A,0001F110000000032UNU,2057511
七匹狼(大通仙)礼盒专用纸袋-A,0001F110000000032UP3,2057879
大通仙专用白纸袋,0001F1100000000333RY,2065203
烟模小盒(通福),0001F110000000033ZMS,2094638
烟模条盒(通福),0001F110000000033ZN0,2094730
七匹狼(大通仙)接装纸-B,0001F110000000033ZN6,2094823
试制接装纸,0001F110000000033ZNC,2094915
"小盒单张薄膜(16支装,烫金拉线)",0001F110000000036QP0,2168912
"小盒单张薄膜(10支装,烫金拉线)",0001F110000000036QP9,2169004
74mm木模,0001F11000000003AFQZ,2191726
84mm木模,0001F11000000003AG59,2192173
84mm定型板,0001F11000000003AG5H,2192296
74mm定型板,0001F11000000003AG5N,2192388
七匹狼(通仙)3支装品吸盒,0001F11000000003AG5T,2192480
七匹狼(通泰)3支装品吸盒,0001F11000000003AG62,2192609
七匹狼(通运)3支装品吸盒,0001F11000000003AG68,2192701
七匹狼(通福)3支装品吸盒,0001F11000000003AG6F,2192809
74mm木条,0001F11000000003BN8Y,2239822
七匹狼(74mm大通仙)单张内衬纸-B,0001F11000000005AAZU,2380030
七匹狼(74mm大通仙)单张薄膜-1,0001F11000000005AB0P,2380126
七匹狼(84mm大通仙)单张内衬纸,0001F11000000005JFSJ,2462626
试制小盒,0001F11000000005JFSS,2462723
七匹狼(84mm大通仙)单张薄膜,0001F11000000005JFTK,2462820
七匹狼(84mm大通仙)礼盒烟箱,0001F11000000005JFTQ,2462918
七匹狼(84mm大通仙)礼盒,0001F11000000005JFU1,2463059
七匹狼(通泰)两盒装礼盒(RD),0001F11000000005SLVI,2539527
七匹狼(通仙)两盒装礼盒(RD),0001F11000000005SLVR,2539624
六盒装礼盒,0001F11000000005SLVX,2539721
八盒装礼盒,0001F11000000005SLW3,2539819
七匹狼(小通仙)条盒平张膜(含拉线),0001F11000000005ZTN8,2624037
七匹狼(小通仙)方型礼盒,0001F11000000005ZTOW,2624144
七匹狼(74mm大通仙)PVC封套,0001F110000000067HGV,2784173
七匹狼(84mm大通仙)PVC封套,0001F110000000067HH1,2784397
七匹狼(84mm大通仙)亚克力封套,0001F110000000067HH9,2784494
七匹狼(74mm大通仙)亚克力封套,0001F110000000067HHF,2784592
七匹狼(通仙纯)小盒硫酸纸,0001F1100000000GG513,6351548
七匹狼(通仙纯)条盒硫酸纸,0001F1100000000GG519,6351654
七匹狼(通运)铝罐,0001F11000000006XJL6,3165137
七匹狼(通泰)铝罐,0001F11000000006XJLC,3165235
烟模小盒(鸿运),0001F11000000006XJLT,3165367
烟模条盒(鸿运),0001F11000000006XJLZ,3165464
烟模小盒(纯雅),0001F11000000006XJMB,3165561
烟模条盒(纯雅),0001F11000000006XJMH,3165658
七匹狼(小通仙)单张薄膜,0001F11000000007AK60,3319791
七匹狼(16支纯香)条盒封签纸,0001F11000000007BVHN,3359354
七匹狼(16支纯香)单张薄膜,0001F11000000007BVI0,3359451
烟模小盒(小通仙),0001F11000000007TCAJ,3541574
烟模条盒(小通仙),0001F11000000007TCAY,3541745
七匹狼(纯香)小盒硫酸纸,0001F11000000007Z5RQ,3615311
七匹狼(纯香)条盒封套,0001F11000000007Z5RW,3615414
通系列两盒装礼盒(RD),0001F11000000007ZNDK,3623351
七匹狼(小通仙)两包装礼盒(DHJ),0001F110000000084WSL,3685881
七匹狼(小通仙)两包装礼盒(yz),0001F11000000008CCEN,3736515
大通仙两盒装封条,0001F11000000008FZSP,3759316
七匹狼(大通仙)单张条玻,0001F11000000008U7B2,3851574
烟模小盒(鸿福),0001F11000000009Q1WU,4187950
烟模条盒(鸿福),0001F11000000009Q1X2,4188049
七匹狼(大通仙)两条装礼盒,0001F11000000009Q1XF,4188148
七匹狼(74mm大通仙)单张薄膜-2,0001F1100000000AJPSR,4354790
试制小盒,0001F1100000000APGR0,4450749
试制条盒,0001F1100000000APGR6,4450849
烟模小盒(通仙300),0001F1100000000B8TAC,4629812
烟模条盒(通仙300),0001F1100000000B8TAI,4629912
土楼(神韵)两盒装礼盒,0001F1100000000CSCO5,5249481
大通仙书型礼盒烟箱(专属定制),0001F1100000000D5PQL,5305541
大通仙书型礼盒(10包装专属定制),0001F1100000000D5PQ0,5305143
大通仙书型礼盒(2包装专属定制),0001F1100000000D5PQ6,5305244
大通仙书型礼盒纸袋(专属定制),0001F1100000000D5PQF,5305344
七匹狼(新圣典)条盒单张薄膜,0001F1100000000DQ8N8,5438061
七匹狼(74mm大通仙)小盒内胆,0001F1100000000F4ACT,5894738
七匹狼（通仙）条盒硫酸纸,0001F1100000000FFKDB,6001602
七匹狼（16支通仙）条盒硫酸纸,0001F1100000000FFKDH,6001708
七匹狼(通仙)条盒单张薄膜,0001F1100000000FIJH0,6030883
七匹狼(16支通仙)条盒单张薄膜,0001F1100000000FIJHE,6030989
白条盒(16支装),0001F1100000000FIJY3,6034949
七匹狼(通仙纯)条盒包装纸,0001F1100000000FQANM,6107965
七匹狼(通仙纯)条盒封签纸,0001F1100000000FQANG,6107857
七匹狼(16支纯香)小盒硫酸纸,0001F1100000000GXCFR,6695527
七匹狼(雅典)小盒硫酸纸,0001F1100000000GXCGB,6695717
七匹狼(通仙境)小盒单张薄膜,0001F1100000000I7A34,7294760
七匹狼(通仙境)条盒单张薄膜,0001F1100000000I7A3F,7294973
七匹狼(通仙境)小盒硫酸纸,0001F1100000000I7A6K,7295678
二氧化碳,0001F11000000000GBSM,74311
条包装材料(厦门待处理),0001F11000000000KW8E,439059
高透气度滤棒成形纸,0001F11000000000KVQA,434685
MRA250卷烟纸,0001F11000000000KVOT,434030
JR QY60-BX卷烟纸,0001F11000000000KVP1,434125
滤棒成型纸(厦门待处理),0001F11000000000KVQS,434813
进口卷烟纸,0001F11000000000KVP9,434212
进口卷烟纸（B553）(26.5g),0001F11000000000KVPH,434299
MFU50卷烟纸(32g),0001F11000000000KVPS,434424
卷烟纸(龙岩待处理),0001F11000000000KW28,438246
滤棒成型纸(龙岩待处理),0001F11000000000KW0U,437856
烟用滤棒(厦门待处理),0001F11000000000KW18,437945
烟用滤棒(龙岩待处理),0001F11000000000KW1M,438055
卷烟纸(厦门待处理),0001F11000000000KW20,438135
条包装材料(龙岩待处理),0001F11000000000KW8K,439138
内衬纸(厦门待处理),0001F11000000000KW8R,439217
内衬纸(龙岩待处理),0001F11000000000KW8Z,439297
框架纸(厦门待处理),0001F11000000000KW97,439376
框架纸(龙岩待处理),0001F11000000000KW9F,439455
封签纸(厦门待处理),0001F11000000000KW9M,439534
封签纸(龙岩待处理),0001F11000000000KW9S,439613
透明包装膜(厦门待处理),0001F11000000000KW9Y,439692
透明包装膜(龙岩待处理),0001F11000000000KWA9,439779
拉线(厦门待处理),0001F11000000000KWAL,439866
拉线(龙岩待处理),0001F11000000000KWAU,439952
烟用纸箱(厦门待处理),0001F11000000000KWB6,440050
烟用纸箱(龙岩待处理),0001F11000000000L1PV,440144
胶带纸(厦门待处理),0001F11000000000L1Q2,440223
胶带纸(龙岩待处理),0001F11000000000L1QA,440302
烟用胶粘剂(厦门待处理),0001F11000000000L1QI,440381
烟用胶粘剂(龙岩待处理),0001F11000000000L1QQ,440460
烟用香精(厦门待处理),0001F11000000000L1R0,440547
滤棒增塑剂(龙岩待处理),0001F11000000000L1R8,440626
滤棒增塑剂(厦门待处理),0001F11000000000L1RP,440732
烟用香精(龙岩待处理),0001F11000000000L1RX,440811
烟用添加剂(厦门待处理),0001F11000000000L1S5,440891
烟用添加剂(龙岩待处理),0001F11000000000L1SD,440970
烟用印刷油墨(厦门待处理),0001F11000000000L1SQ,441064
接装纸(厦门待处理),0001F11000000000KW7N,438743
接装纸(龙岩待处理),0001F11000000000KW7V,438822
盒包装材料(厦门待处理),0001F11000000000KW82,438901
盒包装材料(龙岩待处理),0001F11000000000KW88,438980
烟用印刷油墨(龙岩待处理),0001F11000000000L1TE,441207
其他烟用材料(厦门待处理),0001F11000000000L1TX,441310
其他烟用材料(龙岩待处理),0001F11000000000L1U3,441389
纤维素,0001F11000000000RISU,544469
100-550008香料[未结算],0001F11000000000RIT0,544556
71C1七匹狼(软红)香基[未结算],0001F11000000000RIT6,544643
71C1七匹狼(白)香基(1)[未结算],0001F11000000000RITI,544784
七匹狼(软红)A模块料基[未结算],0001F11000000000RITQ,544888
七匹狼(软红)B模块料基[未结算],0001F11000000000RIU0,545007
七匹狼(软红)C模块料基[未结算],0001F11000000000RIU6,545094
七匹狼(白)小线A料基[未结算],0001F11000000000RIUC,545181
七匹狼(白)小线B料基[未结算],0001F11000000000RIUI,545268
七匹狼(白)小线C料基[未结算],0001F11000000000RIUO,545355
71C1LY七匹狼(白)小线料基[未结算],0001F11000000000RIVA,545442
71C1LY七匹狼(白)梗料料基[未结算],0001F11000000000RIVQ,545635
71C1LY七匹狼(白)表香香基[未结算],0001F11000000000RIVY,545757
七匹狼(红)A模块料基[未结算],0001F11000000000RIW4,545844
七匹狼(红)B模块料基[未结算],0001F11000000000RIWA,545931
七匹狼(红)C模块料基[未结算],0001F11000000000RIWG,546018
七匹狼(红)表香香基[未结算],0001F11000000000RIWM,546105
保润剂（龙岩）[未结算],0001F11000000000RIWS,546192
普通成型纸265[未结算],0001F11000000000RIWY,546281
普通成型纸[未结算],0001F11000000000RIXC,546385
云南红塔竖罗纹盘纸50CU[未结算],0001F11000000000RIXO,546488
摩迪50CU竖罗纹盘纸[未结算],0001F11000000000RIY4,547282
普通型BOPP-117mm(比摩)[未结算],0001F11000000000RIYG,547458
七匹狼(豪运)烟箱[未结算],0001F11000000000RIYV,547669
七匹狼(豪迈)烟箱[未结算],0001F11000000000RIZ4,547774
CP60CU-29gGSM-FB卷烟纸,0001F11000000001K3P7,1060295
七匹狼(豪情)香料,0001F11000000002IGPM,1550178
七匹狼(豪情)香精,0001F11000000002IGPU,1550270
七匹狼(豪情)梗丝料,0001F11000000002IGQ4,1550363
针叶木浆,0001N11000000000UOTP,(null)
阔叶木浆,0001N11000000000UOTS,(null)
龙须草浆,0001N11000000000UOTV,(null)
竹纤维板,0001N110000000029TKX,(null)
瓜耳胶,0001N11000000000UOTY,(null)
1004,0001N110000000018W3Z,(null)
重质碳酸钙,0001N11000000000UOU1,(null)
轻质碳酸钙,0001N11000000000UOU4,(null)
高岭土,0001N11000000000UOU7,(null)
硅藻土,0001N11000000000UOUA,(null)
食用酒精,0001N11000000000V2AH,(null)
YZ85,0001N11000000000UOUV,(null)
NM85,0001N11000000000UOUY,(null)
2633,0001N11000000000UOV1,(null)
2068,0001N11000000000UOV4,(null)
BP98,0001N11000000000UOV7,(null)
FJM0068,0001N11000000000UOVA,(null)
H/B24484,0001N11000000000UOVD,(null)
HY-0290,0001N11000000000UOVG,(null)
308,0001N11000000000UOVJ,(null)
303,0001N11000000000UOVM,(null)
208,0001N11000000000UOVP,(null)
糖,0001N11000000000UOVS,(null)
S001,0001N11000000000ZVO8,(null)
S002,0001N11000000000ZVO9,(null)
1001,0001N11000000000ZVOA,(null)
1002,0001N11000000000ZVOB,(null)
1003,0001N11000000000ZVOC,(null)
纤维素酶,0001N11000000000ZVOE,(null)
1005,0001N11000000000ZVOG,(null)
1006,0001N11000000000ZVOH,(null)
3001,0001N11000000000ZVOI,(null)
3002,0001N11000000000ZVOJ,(null)
3003,0001N11000000000ZVON,(null)
4001,0001N11000000000ZVOP,(null)
4002,0001N11000000000ZVOQ,(null)
4003,0001N11000000000ZVOS,(null)
4004,0001N11000000001242V,(null)
COD试剂,0001N11000000001E5L7,(null)
果胶酶,0001N11000000001E5L8,(null)
高转化率糖化酶,0001N11000000001FN08,(null)
木聚糖酶,0001N11000000001GAQY,(null)
4005,0001N11000000002QDRC,(null)
4006,0001N11000000002QDRG,(null)
4007,0001N11000000002QDRH,(null)
4008,0001N11000000002QDRI,(null)
3004,0001N110000000045W2Q,(null)
3005,0001N110000000045W2R,(null)
3006,0001N110000000045W2S,(null)
7A25,0001N1100000000GF8DB,(null)
RSCT-07131B(RS),0001N11000000005YW59,(null)
RSCT-07100(RS),0001N11000000006NQXC,(null)
RSCT-07200(RS),0001N11000000006NQXE,(null)
RSCT-10828(RS),0001N11000000006NQXH,(null)
RSCT-07137(RS),0001N11000000006PEN9,(null)
RSFJ-11201(RS),0001N11000000006YEU3,(null)
RSCT-10830(RS),0001N110000000084S7P,(null)
1031,0001N110000000087782,(null)
1007,0001N110000000087HLE,(null)
RSFJ-12105(RS),0001N11000000008QIQK,(null)
RSFJ-12106(RS),0001N11000000008R56Z,(null)
RSFJ-122018(RS),0001N1100000000910V1,(null)
RSFJ-120517(RS),0001N11000000009QPEM,(null)
RSFJ-681207(RS),0001N11000000009QPEP,(null)
RSFJ-18516(RS),0001N1100000000B188H,(null)
X042,0001N1100000000EJFM6,(null)
JM-001,0001N1100000000EJFM7,(null)
277,0001N1100000000EJFM8,(null)
RSFJ-13489（RS）,0001N1100000000ENYXJ,(null)
RSFJ-13500（RS）,0001N1100000000G0051,(null)
RSFJ-13311（RS）,0001N1100000000G0053,(null)
7A21,0001N1100000000GF8D7,(null)
7A22,0001N1100000000GF8D8,(null)
7A23,0001N1100000000GF8D9,(null)
7A24,0001N1100000000GF8DA,(null)
R001,0001N1100000000H3R1L,(null)
R002,0001N1100000000H3R1M,(null)
R003,0001N1100000000H3R1N,(null)
R005,0001N1100000000H3R1O,(null)
317,0001N1100000000HDKJN,(null)
BL-655,0001N1100000000HKL77,(null)
标签纸(长),0001N11000000006B0TB,(null)
合格证(RS),0001N11000000006B0TC,(null)
瓦楞纸箱,0001N11000000000UOUG,(null)
片烟纸箱,0001N11000000000UOUJ,(null)
内衬袋,0001N11000000000UOUM,(null)
自动打包带,0001N11000000000UOUP,(null)
手动打包带,0001N11000000000UOUS,(null)
蜂窝纸箱,0001N11000000000UOUD,(null)
化纤袋,0001N11000000001DHBZ,(null)
标签纸,0001N11000000001HVVE,(null)
碳带,0001N11000000001HVVF,(null)
麻线,0001N11000000001ICUV,(null)
回收片烟纸箱,0001N11000000002HFW1,(null)
三层纸板,0001N11000000002ZQER,(null)
瓦楞纸箱（RS）,0001N11000000005K61D,(null)
标签纸(RS),0001N11000000005XL19,(null)
瓦楞纸箱（无印字）,0001N11000000006ZFGV,(null)
胶带,0001N11000000007CLX6,(null)
合格证,0001N1100000000HEW1C,(null)
磷酸二氢氨,0001N11000000000V2AW,(null)
片碱,0001N11000000000UOVV,(null)
次氯酸钠,0001N11000000000UOVY,(null)
酰胺,0001N11000000000UOW1,(null)
尿素,0001N11000000000UOW4,(null)
聚铝,0001N11000000000UOW7,(null)
硫酸铝,0001N11000000000UOWA,(null)
聚合硫酸铁,0001N1100000000GQEQZ,(null)
磷酸三钠,0001N11000000000UOWD,(null)
碳酸钠,0001N11000000000UOWG,(null)
生石灰,0001N110000000017G8N,(null)
氯化钠,0001N11000000001DYU2,(null)
关税,0001N11000000001F18R,(null)
国际保险,0001N11000000001F18W,(null)
国内保险,0001N11000000001F18X,(null)
国际运费,0001N11000000001F18Y,(null)
嘴棒移库费,0001N11000000001F191,(null)
丝束移库费,0001N11000000001F192,(null)
辅料搬运费,0001N11000000001F197,(null)
辅料移库费,0001N11000000001F19B,(null)
嘴棒加工费,0001N11000000001F19H,(null)
代理服务费,0001N11000000002C647,(null)
运费,0001N11000000002C648,(null)
嘴棒加工费(LYZBJGF）,0001N11000000001SXYS,(null)
